p_id,surname,first_name,btz_start,btz_ende,pt_id,ps_id,gdb,bvb,seat,initials,table,measure,birthday,birthdaylist
1,Tozer,Hussein,2025/02/10,2025/04/02,6,3,false,true,6,AYE,12,BT,1996/05/28,Karte
2,Temby,Quent,2025/09/21,2025/08/17,6,2,true,false,25,JHB,4,FSM,2000/01/20,Ja
3,Tissington,Krispin,2025/11/13,2025/04/12,2,6,false,true,7,UDN,14,BVB,1996/06/14,Nein
4,Duff,Clotilda,2025/10/12,2025/05/25,3,7,true,true,19,DOD,7,BT,2014/07/13,Ja
5,Dinnis,Virgilio,2025/01/31,2025/05/19,4,1,true,true,4,BOX,15,FSM,1995/06/01,Nein
6,Papachristophorou,Brooke,2025/09/06,2025/11/02,2,9,true,true,4,MYV,18,BVB,2007/01/03,Ja
7,Parchment,Nickolai,2025/01/08,2025/03/11,3,4,true,true,4,GGM,18,KIM,1992/10/27,Nein
8,Escalante,Norene,2025/08/05,2025/09/11,2,4,false,false,11,EGX,1,BT,2003/02/22,Nein
9,Tookill,Durant,2025/08/09,2025/09/11,5,5,true,true,25,KMP,24,BVB,1984/09/20,Ja
10,Ollive,Byram,2025/01/15,2025/03/30,2,6,true,true,16,TLJ,4,KIM,2012/02/11,Nein
11,Fellon,Dexter,2025/07/21,2025/11/18,5,7,false,false,4,CXP,22,BT,2003/07/26,Nein
12,Montacute,Charlena,2025/05/05,2025/03/17,1,8,false,true,11,NMC,13,KIM,1978/03/14,Karte
13,Leavens,Hubert,2025/03/16,2025/04/26,2,8,false,true,26,GNG,30,FSM,1974/11/22,Karte
14,Woodvine,Sadie,2025/03/01,2025/07/15,5,3,true,false,7,AEU,13,FSM,1988/02/26,Karte
15,Itzkov,Alonso,2025/01/18,2025/05/15,5,5,true,true,23,ISO,5,BT,1978/10/08,Nein
16,Davidge,Ida,2025/04/24,2025/05/09,5,1,true,true,8,TKQ,5,BT,1974/01/21,Karte
17,Housam,Clare,2024/12/29,2025/05/14,4,3,true,false,30,FIE,28,BT,2015/09/11,Ja
18,Starrs,Melina,2024/11/29,2025/07/10,5,3,false,true,17,FNA,1,BVB,2010/12/23,Ja
19,Goard,Dunc,2025/05/25,2025/10/08,5,3,false,false,16,TIP,9,BVB,2003/01/25,Nein
20,Meeson,Tom,2024/12/21,2025/08/14,1,9,false,true,2,TCR,28,BT,1983/01/07,Ja
21,Featherby,Cara,2025/05/28,2025/09/10,5,2,true,true,18,ETS,16,KIM,2012/10/26,Nein
22,Sailes,Yalonda,2024/11/30,2025/05/02,6,9,true,true,2,AXS,2,FSM,2015/12/02,Nein
23,Hattrick,Aura,2025/01/17,2025/05/25,4,7,true,true,12,CCE,28,BT,1977/12/27,Ja
24,Lembrick,Curtice,2025/05/07,2025/05/10,3,5,false,true,26,URA,21,FSM,1999/05/08,Karte
25,Epine,Warren,2025/10/03,2025/07/03,1,3,true,false,15,JMS,7,KIM,1974/01/26,Nein
26,Crapper,Ronnie,2025/03/26,2025/08/09,6,2,false,true,15,VSG,27,KIM,1971/04/02,Karte
27,Bercher,Hilda,2025/05/25,2025/01/11,2,5,true,true,28,OLO,19,BVB,1971/01/24,Ja
28,Laboune,Melisse,2025/10/12,2025/07/13,2,9,true,true,3,URZ,8,FSM,2004/08/09,Karte
29,Malia,Ellen,2025/01/31,2025/02/28,4,1,false,true,13,MAS,8,BVB,2015/07/16,Ja
30,Sterrick,Wilek,2025/07/14,2025/07/19,5,2,false,true,10,PDM,12,FSM,2002/04/19,Ja
31,Stansall,Andres,2025/02/19,2024/12/22,2,9,true,true,22,RHL,14,KIM,1996/09/13,Nein
32,Checchetelli,Isabelle,2025/09/20,2025/01/13,4,5,true,true,21,LIO,20,KIM,1972/05/24,Nein
33,Stallybrass,Evangelin,2025/05/31,2025/09/12,6,4,false,true,21,TWH,28,BVB,1998/07/06,Nein
34,Isaaksohn,Lovell,2024/12/01,2025/06/22,4,8,false,false,9,OGU,21,BT,2013/12/10,Karte
35,Andreaccio,Audre,2025/02/27,2025/01/06,2,2,true,false,21,HAH,20,BT,1995/07/08,Ja
36,Mapes,Grant,2025/08/25,2025/02/01,4,8,false,false,25,SZB,12,KIM,2007/02/18,Ja
37,Jorg,Christiano,2025/05/19,2025/08/28,5,4,false,false,12,THD,26,KIM,2010/03/13,Nein
38,Dowyer,Daisey,2025/09/25,2025/10/01,2,5,true,false,14,KKI,9,KIM,2012/03/25,Karte
39,Alcido,Melinda,2025/01/12,2025/01/28,4,6,true,false,16,TEE,8,BT,1972/10/13,Nein
40,Madill,Shirl,2025/05/24,2025/08/08,1,3,false,false,3,TSC,25,KIM,2014/02/17,Nein
41,Osbaldeston,Viviyan,2024/12/16,2025/10/16,4,7,true,false,11,NBW,21,KIM,1994/02/17,Karte
42,Filipiak,Xymenes,2024/11/22,2025/04/09,4,8,true,true,13,KEZ,3,FSM,2000/08/29,Nein
43,Overill,Lilyan,2025/03/20,2025/02/15,3,2,true,false,1,NPT,15,BVB,2006/01/05,Karte
44,Brassill,Letta,2025/05/07,2025/03/11,3,8,false,true,11,CNR,17,KIM,1972/06/10,Karte
45,Dugue,Walt,2025/07/13,2025/08/12,4,1,false,true,25,RDR,25,BT,2009/11/05,Nein
46,Currington,Brandyn,2025/07/23,2025/03/20,3,3,false,false,20,PAA,27,KIM,1970/04/11,Karte
47,Andrag,Elizabeth,2025/07/04,2025/05/11,2,6,false,false,29,QSZ,3,FSM,1983/10/02,Nein
48,Brunetti,Annecorinne,2025/01/04,2025/01/05,3,5,true,true,29,LLJ,30,BVB,2007/02/10,Nein
49,Grubb,Tomi,2025/04/04,2025/06/26,6,9,true,true,20,MOL,3,BVB,1980/09/19,Ja
50,Fockes,Phillida,2025/03/02,2025/10/24,2,1,true,false,11,TGT,2,BT,1997/12/24,Karte
51,Korfmann,Katharyn,2025/03/21,2024/11/23,4,2,true,true,8,BXH,5,FSM,1986/02/12,Ja
52,Alu,Bartolemo,2025/05/20,2025/05/15,6,9,false,false,27,CBJ,18,FSM,1988/08/05,Ja
53,Litherland,Ceciley,2024/11/30,2025/06/12,5,8,false,false,18,AKD,10,FSM,2002/12/20,Nein
54,Greson,Rabbi,2025/10/25,2025/04/30,1,2,true,false,20,GAL,10,BT,2016/06/07,Nein
55,Lucio,Patricia,2025/01/04,2025/08/08,4,4,false,true,24,FPY,27,BVB,1999/09/19,Ja
56,Duxbury,Joellyn,2025/09/24,2025/08/14,6,6,false,false,20,RAX,14,KIM,1986/04/22,Nein
57,Drewe,Morgen,2025/05/28,2025/01/26,3,4,true,false,18,HUU,9,BT,1989/05/07,Ja
58,Shepard,Laina,2025/05/03,2025/05/28,4,7,false,false,11,PBE,25,FSM,1997/06/24,Ja
59,Convery,Margie,2025/03/30,2025/04/15,1,3,true,true,29,BVV,9,BT,2016/06/12,Karte
60,Mullett,Lee,2025/03/18,2025/09/07,5,8,false,false,30,PYY,7,KIM,2013/04/09,Nein
61,Sobczak,Nonah,2025/05/05,2025/02/20,4,2,true,false,27,UBA,16,FSM,1972/04/24,Ja
62,Purcer,Timofei,2025/05/15,2025/02/20,1,6,false,false,9,GGW,4,BVB,2009/06/01,Nein
63,Bohl,Koralle,2024/11/23,2024/12/19,3,2,false,true,20,KUE,29,BVB,1997/11/21,Karte
64,Brotherhead,Leonanie,2025/03/06,2025/05/25,2,8,true,false,10,OSH,19,FSM,1984/09/19,Ja
65,Abrahami,Othilie,2025/11/03,2025/01/20,1,4,false,true,18,NQY,11,BVB,1997/06/27,Nein
66,Taffee,Raynard,2025/10/06,2025/06/23,6,8,false,true,1,VBG,24,KIM,1994/08/28,Karte
67,Shurrocks,Heinrick,2025/01/06,2025/03/26,3,8,true,false,7,LBI,3,FSM,2017/08/26,Karte
68,Yewdale,Everett,2025/02/13,2024/11/30,1,4,false,true,15,YUB,15,FSM,1970/06/28,Karte
69,Lillgard,Nerty,2025/05/21,2025/08/12,4,2,true,false,1,CBF,25,BT,1982/03/24,Nein
70,Bernhard,Abran,2025/04/03,2025/04/22,5,9,true,true,4,ACK,3,BT,1993/11/05,Karte
71,Lambourn,Port,2025/09/24,2025/07/10,5,3,true,true,26,BLB,13,KIM,1989/02/16,Karte
72,Tant,Evvy,2025/11/06,2024/11/29,4,3,true,true,17,ADH,6,BVB,1977/06/25,Karte
73,Poundesford,Kimbell,2025/07/17,2025/01/28,4,3,false,false,30,NAM,29,KIM,1984/06/27,Nein
74,Harmant,Henrietta,2025/07/25,2025/07/01,5,7,true,true,8,DRO,9,FSM,1994/03/11,Karte
75,Crankshaw,Sharla,2025/07/19,2025/04/04,2,6,true,false,11,LCH,16,BT,2017/05/28,Nein
76,Demann,Emile,2025/03/09,2025/06/23,3,4,true,false,27,KDJ,2,BT,2009/06/19,Karte
77,Bedberry,Margette,2025/01/22,2025/11/02,3,8,false,true,20,TVU,23,BT,1984/07/19,Nein
78,Kilcullen,Graig,2024/12/11,2025/06/07,3,8,true,true,4,PIO,3,KIM,1988/06/10,Nein
79,Armitage,Fayth,2025/07/22,2025/10/24,1,5,true,true,15,PYA,4,BVB,1981/05/26,Ja
80,Feuell,Falkner,2024/12/12,2025/05/23,1,2,false,true,26,GVI,27,BVB,1984/01/12,Ja
81,Justham,Bridie,2025/02/07,2024/12/04,5,9,false,false,20,KHV,28,KIM,1996/03/17,Nein
82,Cranmore,Ardath,2025/03/24,2024/12/23,3,4,true,true,23,YCE,24,KIM,2007/12/11,Karte
83,Moyce,Tammy,2025/06/26,2025/03/25,5,2,false,false,22,NTL,26,FSM,2013/08/08,Nein
84,Lamke,Carlyle,2025/07/28,2025/08/20,1,5,false,false,23,IUS,9,FSM,1978/08/17,Ja
85,Trusler,Codi,2025/11/06,2024/11/24,3,1,true,false,2,MFE,5,BVB,2000/03/08,Nein
86,Reschke,Ivor,2025/04/05,2025/06/13,6,7,false,true,17,HKA,20,BT,1976/03/10,Karte
87,Rubinlicht,Madge,2025/03/12,2025/10/05,2,9,true,false,2,AHS,8,KIM,1993/04/27,Karte
88,Whapham,Veradis,2025/02/07,2025/03/23,4,8,false,false,29,JUM,14,FSM,1992/06/17,Nein
89,Pudney,Jeff,2025/10/23,2025/03/03,5,2,true,true,17,KRV,2,FSM,1993/08/11,Nein
90,Crosfeld,Linn,2025/03/03,2024/12/14,5,7,false,true,24,NYT,14,KIM,1990/08/17,Ja
91,Kells,Fiann,2025/04/28,2025/06/18,2,2,true,false,6,BMW,22,BT,1975/02/22,Karte
92,Kilgour,Ethe,2025/11/15,2025/02/03,1,7,true,true,3,YXU,10,KIM,1978/12/17,Ja
93,McClarence,Devi,2025/11/12,2025/04/16,2,4,false,true,9,GNA,20,BVB,1992/10/20,Karte
94,Dulake,Margarita,2025/08/26,2024/12/18,3,9,true,false,15,GOP,3,BVB,1989/06/24,Nein
95,Eglinton,Shandeigh,2025/05/07,2025/01/10,5,5,true,false,16,ARB,13,BT,1984/06/12,Nein
96,Extance,Marcelline,2025/02/18,2025/06/02,4,1,false,true,11,QMH,14,BVB,2001/03/19,Ja
97,Broseman,Jacki,2025/10/02,2024/12/09,3,5,true,false,20,DLV,23,BVB,2007/10/10,Karte
98,Hanniger,Noak,2025/10/12,2025/07/21,5,4,false,true,3,KAJ,2,BVB,2001/12/29,Karte
99,Paddon,Ashton,2025/02/20,2025/09/18,6,1,true,true,9,MFB,11,FSM,2016/11/29,Ja
100,Dillaway,Adelaide,2025/10/11,2025/04/13,4,1,true,false,6,JJM,13,BT,1973/03/20,Nein
101,Grovier,Tades,2025/09/19,2025/08/28,3,7,true,false,17,YNY,6,FSM,2007/09/25,Karte
102,Brafield,Merwin,2025/08/03,2025/08/20,3,9,false,true,23,FVM,24,KIM,1984/11/11,Ja
103,Gini,Sher,2025/10/19,2025/10/17,6,2,false,true,13,FUT,24,BT,1977/07/30,Karte
104,Strawbridge,Benjy,2025/01/24,2025/07/22,4,4,true,true,3,MYZ,30,KIM,1997/04/05,Karte
105,Going,Alys,2025/07/16,2025/03/22,2,6,false,true,23,IPE,9,BVB,2005/10/25,Ja
106,Eydel,Cristina,2025/09/22,2025/08/12,3,7,false,true,24,DJM,1,BT,2002/02/16,Nein
107,Ashbee,Brande,2025/09/21,2024/11/23,3,6,true,false,21,NRL,23,KIM,2001/07/25,Nein
108,Degli Antoni,Leontine,2025/03/14,2025/05/30,4,4,false,false,25,VDB,28,BT,1996/09/21,Ja
109,Fairpool,Amalle,2025/08/13,2025/09/03,6,6,false,false,3,DSS,23,FSM,2007/08/07,Nein
110,Soppeth,Daisy,2025/02/21,2025/03/12,6,9,true,true,17,EIS,26,KIM,2005/03/02,Nein
111,Giller,Roscoe,2024/12/29,2025/06/12,6,9,false,false,13,MPV,22,BVB,1980/08/25,Nein
112,Pead,Calypso,2025/01/30,2025/02/28,6,5,true,true,22,EVV,19,BVB,2007/02/11,Ja
113,Brumble,Leonerd,2025/10/01,2025/08/18,2,3,false,false,22,NAQ,29,KIM,2010/02/16,Karte
114,Lodevick,Prissie,2025/09/13,2025/10/31,4,3,true,false,26,YYZ,20,KIM,1988/10/14,Karte
115,Rigate,Sunny,2025/07/08,2025/05/20,3,2,true,false,30,TJN,22,BT,2012/06/01,Karte
116,Woodger,Harcourt,2025/03/30,2025/07/19,3,9,true,false,3,MPU,15,FSM,1997/03/05,Nein
117,Slipper,Mignon,2025/04/12,2025/10/21,2,1,true,false,4,PLW,14,BVB,1997/09/13,Karte
118,Deluce,Johannah,2025/08/19,2024/12/14,3,6,true,false,7,MFG,20,FSM,1983/10/22,Ja
119,Kidstoun,Brennan,2025/02/20,2024/12/19,6,4,true,true,17,PNC,12,BVB,1975/06/29,Karte
120,Alelsandrovich,Mae,2025/11/19,2025/08/19,6,8,false,true,11,GSN,19,BT,1976/11/19,Ja
121,Choke,Terrye,2024/11/26,2025/10/28,1,4,false,true,19,NAA,6,KIM,1982/08/10,Ja
122,Phillp,Lamar,2025/07/29,2024/12/27,2,1,true,true,17,TKR,13,BVB,1986/01/20,Ja
123,Prium,Fin,2025/04/22,2025/09/09,6,7,true,true,20,DRC,9,FSM,2017/08/12,Nein
124,Flecknell,Sunshine,2025/02/27,2025/04/08,1,2,false,true,12,REI,5,FSM,1989/09/19,Ja
125,Arbuckle,Trev,2025/07/13,2025/01/23,4,4,true,true,27,FUT,23,BT,1978/08/31,Nein
126,Butlin,Wallace,2024/11/24,2025/07/11,1,1,false,true,7,BGV,27,BT,1975/05/09,Nein
127,McCarrell,Alexa,2025/11/16,2025/07/11,4,6,false,false,30,LBM,4,BT,1998/02/11,Karte
128,Ledgerton,Davina,2025/04/01,2025/03/10,4,7,true,false,29,RBC,3,BVB,1984/08/27,Karte
129,Dennistoun,Waneta,2025/03/18,2025/08/03,5,8,true,false,20,KAM,14,BT,1994/01/28,Nein
130,MacTrustie,Allegra,2025/09/04,2025/04/30,6,8,true,false,11,DCU,1,BVB,1984/11/14,Ja
131,Attenburrow,Andrei,2025/10/12,2025/10/13,5,4,false,false,1,LHU,19,FSM,2002/03/02,Karte
132,Romera,Lewie,2024/12/04,2025/06/17,5,4,true,true,7,KNL,5,BVB,1999/07/25,Nein
133,Lundbeck,Rodina,2025/02/12,2025/08/07,4,8,true,false,22,BUP,1,BVB,2002/08/08,Nein
134,Verbeek,Laryssa,2025/09/06,2025/03/21,5,3,true,true,29,NVY,23,BVB,1993/07/06,Nein
135,Quinn,Brinn,2025/07/25,2025/09/21,3,3,false,false,10,DUJ,4,KIM,1977/01/16,Ja
136,Polet,Quentin,2025/10/19,2025/07/11,6,5,false,true,27,OAG,9,FSM,1991/05/18,Karte
137,Hrinchishin,Natasha,2025/09/05,2025/04/22,4,4,false,true,26,CDA,8,FSM,1995/01/18,Karte
138,Goseling,Taffy,2025/04/13,2025/03/24,3,8,true,false,13,ZSW,2,KIM,1999/10/19,Karte
139,Seaborne,Lenee,2025/10/04,2024/12/14,2,1,true,false,27,UTR,23,BVB,1981/11/21,Ja
140,Cheves,Josepha,2025/06/12,2025/10/12,5,6,true,false,14,KMR,30,FSM,1974/12/09,Karte
141,Goulter,Merilyn,2025/01/16,2025/08/23,6,8,true,false,27,COQ,23,BVB,1972/12/17,Karte
142,Billing,Catlee,2025/05/14,2025/03/15,2,1,false,false,13,LUJ,18,BT,1990/08/24,Karte
143,Puig,Gill,2025/07/30,2025/11/05,1,4,false,true,13,AMJ,18,BVB,1984/11/28,Karte
144,Counihan,Joeann,2025/03/17,2025/09/15,1,8,false,false,15,JIK,12,FSM,2001/01/30,Karte
145,Heddon,Imogene,2025/08/28,2025/01/18,2,5,true,false,27,CDI,24,BVB,2002/11/23,Nein
146,Rockliffe,Feliks,2025/04/12,2025/11/08,3,3,false,false,16,TPP,24,BVB,1994/05/07,Ja
147,Proswell,Melonie,2025/03/16,2025/04/20,2,4,false,false,5,NAO,5,BT,2017/09/05,Karte
148,Durbann,Ford,2025/06/02,2025/07/17,5,7,true,true,3,GOA,22,BT,1975/01/01,Karte
149,Flatt,Delores,2025/06/22,2024/12/26,3,7,false,true,15,TLH,22,BVB,1981/10/03,Ja
150,Body,Noami,2025/08/18,2025/01/22,6,1,true,false,28,CPH,19,BT,1978/07/10,Karte
151,Bonehill,Carlene,2025/02/21,2025/05/08,4,5,true,false,20,SLE,26,FSM,1988/11/21,Nein
152,Menghi,Darrel,2025/06/17,2025/01/27,6,9,false,false,17,GWA,16,BT,2008/12/24,Karte
153,Holehouse,Britt,2024/12/21,2025/09/27,5,2,true,true,18,MLN,27,BVB,1995/11/18,Nein
154,Priddis,Darin,2025/09/06,2025/04/21,6,8,true,true,26,MDU,16,BT,2011/09/18,Nein
155,Antoniewski,Etheline,2025/07/07,2025/06/28,5,4,true,false,17,LES,28,FSM,2009/08/05,Ja
156,Lambourne,Jaquelin,2025/01/20,2025/08/03,2,6,true,false,27,TCC,25,BVB,1991/05/05,Ja
157,Rushbrooke,Eartha,2025/06/20,2025/04/04,6,5,true,false,24,ENV,30,BT,2001/10/27,Nein
158,Jauncey,Bibbie,2024/11/29,2025/04/14,4,8,true,true,12,AUJ,28,BVB,1990/05/07,Karte
159,Riccard,Nichol,2025/09/19,2025/01/02,1,4,false,true,19,VII,1,FSM,1990/01/26,Karte
160,Fillon,Kliment,2025/11/04,2025/06/02,6,4,false,true,28,DGG,12,FSM,1977/08/09,Karte
161,Spaule,Carmella,2025/09/23,2024/12/01,4,7,true,false,9,AYU,5,BT,2017/02/01,Nein
162,Brumfield,Martica,2025/07/25,2025/10/01,1,9,true,false,25,RCH,2,FSM,1990/04/13,Nein
163,Telford,Bobby,2025/08/03,2025/01/29,4,9,true,false,2,OSR,29,BT,1987/02/11,Nein
164,Bemrose,Sabina,2025/02/18,2025/02/24,6,4,true,true,11,LMB,21,BT,1991/12/22,Ja
165,Sleeford,Marchall,2024/12/09,2025/07/17,1,3,false,false,9,DNP,17,BVB,1990/12/31,Karte
166,Kondratowicz,Grant,2025/04/09,2025/04/29,3,5,false,false,17,SPW,29,FSM,2000/02/01,Karte
167,Menichi,Lovell,2025/05/06,2025/10/20,6,6,false,true,29,FLS,3,KIM,2002/05/07,Karte
168,Botterell,Hurleigh,2025/01/29,2024/12/15,5,4,true,true,14,FUG,5,FSM,2013/12/19,Ja
169,Baine,Carlen,2025/07/05,2025/09/23,2,6,true,true,1,ILP,10,KIM,1973/08/10,Nein
170,Lynas,Correy,2025/06/24,2025/02/18,2,9,false,false,2,KQH,15,FSM,1997/08/04,Karte
171,Kermon,Tyrus,2025/04/15,2025/02/11,6,5,true,false,2,QGB,15,KIM,2003/02/08,Ja
172,Revans,Jared,2025/02/04,2025/03/27,3,5,false,true,5,YKD,3,FSM,1993/04/11,Karte
173,Cannon,Rochell,2025/02/12,2025/01/17,4,8,true,true,21,ZHM,14,BT,2012/11/27,Ja
174,Emerson,Felicdad,2025/07/20,2025/01/30,5,1,false,true,25,MIV,3,BT,2017/10/18,Karte
175,Wellum,Dode,2025/09/19,2025/05/21,2,9,false,true,24,EEN,20,KIM,1988/05/17,Karte
176,Konertz,Diego,2025/01/13,2025/01/17,3,7,false,true,3,PBU,6,BVB,1978/09/24,Ja
177,Rodie,Shannon,2025/03/14,2025/02/10,4,1,true,true,7,ORG,19,BT,1980/01/31,Nein
178,Harrie,Marve,2025/08/30,2025/02/14,3,4,false,true,18,YVV,8,KIM,2000/02/18,Karte
179,Claypole,Shurlock,2025/02/18,2025/11/06,6,9,false,false,30,RBM,8,BT,2002/10/05,Karte
180,Caunter,Rowe,2025/04/30,2025/10/06,4,6,false,false,30,CHQ,22,BVB,1998/11/01,Nein
181,Gokes,Harp,2025/04/28,2025/04/30,5,5,true,false,23,QGP,29,KIM,2003/12/15,Nein
182,Thornthwaite,Ive,2025/10/09,2025/09/04,5,1,true,false,5,TBQ,28,KIM,1988/01/08,Nein
183,Randles,Clarance,2025/10/26,2025/08/28,2,7,false,false,25,DGE,10,FSM,2011/09/02,Ja
184,Fawbert,Tamma,2025/08/02,2025/07/15,1,6,true,true,27,TDA,12,FSM,2000/01/20,Nein
185,Idill,Sue,2025/01/22,2025/08/01,6,9,true,false,12,YPG,16,KIM,2004/12/27,Nein
186,Sibery,Dianne,2025/09/17,2025/09/11,6,1,false,false,7,UNE,3,BVB,2010/08/19,Ja
187,Gent,Tabbie,2025/04/16,2025/10/05,6,5,true,true,20,ASA,24,KIM,1974/10/29,Ja
188,Rickersey,Fransisco,2025/09/20,2024/11/25,2,6,true,false,1,RMK,16,FSM,2014/04/14,Ja
189,Treagus,Christoph,2025/11/04,2025/03/06,3,6,true,true,20,AHM,12,KIM,2015/10/06,Ja
190,Dooland,Iolande,2025/05/21,2025/03/20,4,4,false,false,20,MSO,14,BVB,1996/05/14,Ja
191,Sorel,Nina,2025/07/16,2025/09/10,5,1,false,false,25,KJP,9,KIM,1983/09/02,Karte
192,Vedekhov,Waldon,2025/03/09,2025/08/25,3,2,true,false,13,AZG,2,BVB,1989/07/16,Nein
193,Woofinden,Trixi,2024/12/12,2024/11/24,2,3,false,false,12,IXG,9,KIM,1976/06/29,Nein
194,Screas,Sher,2025/06/26,2025/06/20,3,2,true,true,18,ANL,3,KIM,1970/10/14,Karte
195,Mc Dermid,Peirce,2025/04/28,2025/06/13,2,8,true,false,9,PGB,23,BVB,2014/09/16,Ja
196,Sinnock,Brigham,2025/05/21,2025/06/21,3,2,true,true,4,CDL,19,BT,2005/08/12,Karte
197,Spreag,Emylee,2025/10/17,2025/10/05,3,4,false,true,3,SAM,23,BVB,1984/08/09,Nein
198,Jorger,Octavius,2025/07/18,2025/03/05,6,3,true,true,23,BWH,26,BT,1991/11/14,Karte
199,Burree,Kriste,2025/02/06,2025/08/02,6,2,true,false,25,CCB,23,KIM,1979/05/05,Karte
200,Cabera,Patrice,2025/08/22,2025/03/09,2,1,false,false,14,NAI,9,FSM,1991/06/23,Karte
201,Cowlard,Rebbecca,2025/03/24,2025/10/28,4,1,true,false,2,UAC,11,BVB,1971/01/30,Ja
202,Barribal,Thurstan,2025/02/16,2025/07/17,5,5,false,true,14,YOA,11,BT,2016/08/15,Nein
203,Lording,Davida,2025/04/09,2024/12/13,1,9,true,true,9,WYA,14,KIM,2009/05/29,Nein
204,Hodgen,Cordie,2025/09/10,2025/03/02,1,5,false,true,17,APY,18,BT,1983/01/07,Ja
205,Cordero,Ardelis,2024/11/24,2025/09/15,1,8,true,false,20,FNR,5,FSM,2004/01/13,Karte
206,Toe,Bobbe,2025/04/14,2025/07/30,1,1,true,true,9,0,8,KIM,2016/03/07,Ja
207,Noor,Yvette,2025/05/13,2025/03/16,6,6,true,true,10,SSI,13,FSM,1987/12/12,Nein
208,Coltan,Delano,2025/02/21,2025/08/21,2,9,true,false,6,SMS,20,KIM,2014/11/10,Ja
209,Stoop,Lacie,2025/09/29,2025/10/22,1,3,true,true,19,RDO,1,FSM,2015/08/08,Karte
210,Stogill,Saloma,2025/06/16,2025/08/15,2,9,false,true,17,LFN,6,BT,1991/08/13,Nein
211,Marple,Leighton,2025/07/03,2025/02/25,5,7,true,false,22,EJH,3,BT,1982/05/05,Karte
212,Dax,Natka,2025/09/30,2025/01/25,4,9,false,true,15,MLE,2,FSM,2012/02/05,Nein
213,Banyard,Randy,2025/06/02,2025/01/06,6,7,true,true,27,FKL,25,BVB,2000/08/17,Nein
214,Kocher,Trude,2024/12/14,2025/07/04,5,1,true,false,14,EGN,1,BVB,2001/09/05,Nein
215,Steinhammer,Jacquelyn,2025/09/20,2025/02/01,3,2,true,false,7,SOX,3,KIM,2012/11/02,Nein
216,Amaya,Gregoor,2025/05/17,2025/09/04,6,1,false,true,24,HEE,26,BT,2006/11/21,Nein
217,Cokly,Ailis,2025/02/21,2025/03/26,4,2,false,true,25,AAD,18,BVB,1989/05/11,Karte
218,Gateshill,Philippine,2025/01/30,2024/12/03,6,7,false,true,26,LFK,6,BVB,1977/06/11,Nein
219,Lanegran,Adeline,2025/07/23,2025/06/27,5,7,true,false,6,JNG,5,BVB,1990/11/08,Karte
220,Rouff,Merilyn,2025/07/08,2025/09/08,4,7,false,false,11,YMD,24,FSM,2009/12/13,Nein
221,Masarrat,Ettore,2025/05/17,2024/12/01,1,7,false,false,25,NIA,11,FSM,2007/01/05,Nein
222,Chasemore,Ethel,2025/09/06,2025/08/25,6,3,true,false,29,LED,3,KIM,1991/10/06,Karte
223,Camis,Dianemarie,2024/12/19,2025/05/28,2,2,true,false,10,LIK,1,FSM,1993/06/07,Nein
224,Brideaux,Linzy,2024/11/21,2025/05/25,5,3,true,false,12,GBA,17,BVB,1983/05/17,Nein
225,Eakley,Theresina,2025/05/06,2025/06/26,6,6,false,true,29,BPF,11,FSM,1974/10/16,Nein
226,Mulholland,Alonso,2025/04/09,2024/12/29,3,7,true,true,2,JPB,17,FSM,1990/05/02,Nein
227,Marsland,Nicky,2025/06/02,2025/05/17,1,2,false,true,17,MED,10,FSM,1997/12/02,Karte
228,Dowding,Luella,2025/10/28,2025/05/30,2,6,false,false,8,RGA,22,FSM,1990/02/18,Karte
229,Butterly,Karlis,2025/04/07,2024/12/30,2,8,false,true,5,CSI,20,BVB,1998/06/04,Ja
230,Kemston,Fawn,2025/02/18,2025/04/11,5,7,true,true,17,BNA,13,FSM,2012/05/26,Nein
231,Macias,Brod,2025/04/17,2025/04/18,6,5,false,false,11,TPP,4,FSM,2007/07/07,Karte
232,Waldera,Gal,2025/06/02,2025/08/23,1,1,true,false,4,CFH,5,BT,2005/06/18,Nein
233,Markovic,Marmaduke,2025/03/21,2025/03/08,6,1,false,false,29,OEL,8,BVB,1995/01/01,Karte
234,Rachuig,Lucian,2025/08/18,2025/02/20,6,8,true,true,28,AUX,11,KIM,2008/10/10,Karte
235,Bimson,Elizabet,2024/12/06,2025/04/26,4,7,true,true,5,MMT,27,BVB,1972/07/15,Karte
236,Penwright,Sibylle,2025/09/07,2025/02/01,1,8,false,false,16,RBM,8,BT,2001/03/17,Karte
237,Backes,Blondelle,2025/06/18,2025/07/19,3,7,false,false,5,EYS,5,FSM,2006/01/22,Karte
238,Dow,Ray,2024/12/28,2025/11/08,2,2,false,true,9,PRG,18,BT,2015/07/28,Karte
239,Bergeon,Inigo,2025/07/10,2025/07/08,6,1,false,false,5,JGB,25,FSM,1994/05/28,Ja
240,Bradnam,Kelcy,2025/04/26,2025/03/31,2,2,false,true,29,UUD,14,KIM,1991/01/29,Ja
241,Pietsma,Hedda,2024/12/16,2025/04/21,6,9,true,false,15,NKY,5,KIM,2003/01/10,Ja
242,Creber,Kile,2025/04/03,2025/06/25,6,7,true,true,21,XSB,26,BT,2009/08/20,Ja
243,Mumbey,Tito,2024/12/12,2025/02/01,6,6,true,false,7,FAQ,10,BT,1983/03/17,Ja
244,Dowbiggin,Brunhilda,2025/01/20,2025/08/04,6,1,true,true,6,FCM,1,FSM,1980/12/08,Karte
245,Benettolo,Sonny,2025/07/27,2024/12/20,4,9,false,true,12,WRE,24,BVB,2003/04/05,Ja
246,Mulvenna,Datha,2025/01/10,2025/02/23,4,9,false,false,20,ZMH,7,BVB,1978/06/06,Nein
247,Tunesi,Jacinda,2025/10/22,2025/05/26,1,5,true,false,17,CWS,15,BVB,1994/04/22,Karte
248,Hookes,Blakeley,2025/09/21,2025/02/08,4,3,false,true,22,BWB,15,FSM,2003/02/06,Ja
249,Kubicka,Priscilla,2025/10/15,2025/03/31,5,5,false,true,17,LIB,21,KIM,2007/11/09,Nein
250,Hesbrook,Brandi,2025/01/16,2025/06/03,4,8,false,true,1,AIE,18,KIM,1975/09/18,Karte
251,Throughton,Nadean,2024/12/01,2025/03/27,6,3,true,false,22,ROK,11,BVB,1984/01/07,Nein
252,Gurnell,Latisha,2025/10/26,2025/03/28,3,7,true,false,14,DZU,24,BVB,2007/04/18,Ja
253,Redd,Hamel,2025/09/24,2025/07/02,1,3,false,false,4,NDM,8,FSM,2013/07/11,Karte
254,Parkyn,Glenna,2025/01/25,2025/11/19,6,8,true,false,14,CTX,15,KIM,1970/02/12,Karte
255,Kenen,Mabel,2025/02/16,2024/12/03,3,8,true,false,18,NZY,3,BVB,1970/02/28,Karte
256,Kocher,Fiorenze,2025/06/01,2025/03/11,6,3,false,true,13,SQZ,14,BT,1977/09/06,Nein
257,McCrea,Edi,2025/05/09,2025/10/16,1,3,false,true,23,ERR,20,BT,1998/12/20,Ja
258,Ulyatt,Jammie,2025/05/26,2025/09/30,5,2,true,false,25,BQN,25,FSM,2006/02/14,Ja
259,Bough,Caddric,2025/05/28,2025/09/20,3,8,true,true,2,KYL,1,FSM,2013/02/16,Ja
260,Liverseege,Aldrich,2025/05/21,2025/02/24,1,5,true,true,19,DSI,30,KIM,1999/02/19,Karte
261,Hallan,Elia,2025/04/10,2024/12/18,2,8,false,true,26,DLR,28,FSM,2010/04/05,Nein
262,Husband,Carmen,2025/04/08,2024/12/24,6,9,true,false,30,MVP,18,FSM,2010/10/05,Nein
263,Wickersley,Lyda,2025/11/14,2024/12/06,5,8,true,true,28,JSJ,20,BVB,1977/12/19,Ja
264,Austin,Kattie,2024/11/21,2025/06/07,2,9,true,false,18,WSG,7,FSM,2009/09/26,Karte
265,Hugk,Manon,2025/03/06,2025/09/23,5,7,false,true,18,IXU,13,FSM,1991/03/12,Ja
266,Littlejohn,Mureil,2025/07/10,2025/10/06,4,6,false,true,16,AOM,25,KIM,1996/11/29,Nein
267,Ebbings,Nessa,2025/07/18,2025/04/09,2,9,true,false,17,MMV,14,FSM,1978/01/06,Ja
268,Jailler,Yoko,2025/07/11,2024/12/27,1,3,true,true,27,GUR,4,BT,1996/07/30,Ja
269,Clubbe,Georgie,2025/06/09,2025/05/16,3,9,true,false,11,WWP,30,BT,1992/03/24,Karte
270,Leivesley,Daniele,2025/08/05,2025/05/18,6,2,false,false,22,KAS,14,KIM,1980/08/12,Karte
271,Pinhorn,Louella,2025/06/23,2025/02/28,4,4,false,false,16,MFL,6,BVB,1978/12/22,Nein
272,Kreber,Hildegaard,2025/11/10,2024/12/14,4,5,false,true,6,OKG,27,KIM,1980/06/22,Ja
273,Plan,Reamonn,2025/01/31,2025/08/24,3,7,true,false,23,SHA,1,BVB,1988/12/30,Nein
274,Santo,Daphna,2025/05/11,2025/02/12,4,4,true,true,4,FNH,2,BT,2013/11/15,Ja
275,Bishell,Dona,2025/03/03,2025/11/05,6,3,true,true,27,GNZ,3,BT,1997/06/26,Ja
276,Hakeworth,Boot,2025/07/08,2025/05/09,6,8,false,false,2,TBE,30,BT,1972/11/23,Karte
277,Tackell,Nathalie,2024/11/22,2025/03/26,2,5,false,false,8,XAU,12,BT,1984/03/09,Nein
278,Renzullo,Daron,2024/12/28,2025/09/20,4,5,false,true,2,QSA,18,KIM,2004/09/12,Ja
279,Pitrelli,Ervin,2025/09/09,2025/04/25,1,1,false,true,18,DZI,3,FSM,1995/04/16,Karte
280,Serrier,Leonhard,2025/06/02,2025/09/12,5,6,true,false,30,SSO,19,BVB,1998/02/08,Nein
281,Foxton,Karlie,2025/01/25,2024/12/12,2,2,true,false,11,YLG,23,KIM,1991/12/02,Ja
282,Behnke,Gretal,2025/06/10,2025/05/28,4,2,true,false,25,DTL,17,FSM,1984/02/24,Ja
283,Bravington,Idaline,2025/02/22,2025/04/07,1,7,true,false,23,CZS,8,BT,1973/09/06,Nein
284,Hulmes,Bryon,2025/07/14,2025/10/26,4,1,true,false,15,MEJ,10,BT,1979/07/18,Karte
285,Folshom,Otha,2025/04/11,2025/01/05,1,7,true,true,15,MLG,16,FSM,2010/06/03,Ja
286,Wyldish,Kathryne,2025/09/07,2024/12/18,4,4,false,false,23,TOF,20,KIM,1995/06/21,Nein
287,Claworth,Benedikta,2025/09/13,2025/07/17,3,8,false,false,25,BXO,20,BVB,1996/07/11,Nein
288,Sleightholme,Addi,2024/12/03,2024/11/24,6,7,true,false,28,MYT,14,FSM,1996/08/11,Nein
289,Mattiuzzi,Mathias,2025/07/26,2025/05/04,1,3,false,true,8,XBB,25,BT,1997/10/27,Karte
290,Zarb,Olly,2025/10/10,2025/06/08,3,5,true,true,3,KRH,19,BT,2002/03/09,Nein
291,Dunnet,Barris,2025/02/05,2025/09/22,1,1,true,false,19,KHJ,6,BVB,2009/06/23,Ja
292,Leare,Tremain,2025/10/02,2025/03/19,1,6,false,false,23,CUP,7,FSM,2003/07/26,Nein
293,Spacie,Pascale,2025/11/11,2025/04/28,6,6,false,false,23,CLV,24,BVB,2002/06/12,Karte
294,Prate,Astrix,2025/04/01,2025/07/10,2,1,false,true,11,MZD,22,BVB,2000/05/04,Nein
295,Mowatt,Nathalia,2025/07/15,2025/06/07,4,5,false,true,13,TYG,2,BVB,1993/03/31,Ja
296,Frome,Papageno,2025/09/01,2025/04/24,6,6,true,true,23,ARB,2,FSM,1997/07/09,Ja
297,Schrader,Zorina,2025/07/03,2024/12/09,2,4,false,false,15,LMM,2,BVB,1978/08/20,Karte
298,Garvin,Land,2025/02/06,2025/03/23,4,1,true,true,8,DTD,6,BT,2004/01/06,Ja
299,Fernao,Quint,2025/04/03,2025/10/23,3,9,false,false,13,APQ,11,BVB,1996/10/11,Nein
300,Carlozzi,Dill,2025/03/06,2025/08/12,1,6,false,false,14,FYT,5,FSM,1991/05/30,Nein
301,Jackways,Susanna,2024/11/22,2025/11/07,6,7,true,false,29,PVK,3,BT,2013/10/07,Karte
302,Conley,Elvin,2025/09/30,2025/05/14,6,1,true,false,20,TSU,18,BVB,1991/10/07,Karte
303,Dearlove,Hedda,2025/04/16,2024/12/05,5,3,false,false,20,BYA,29,FSM,1990/02/03,Ja
304,Waller-Bridge,Shannon,2025/07/18,2025/05/18,6,6,false,false,16,MOI,11,FSM,1989/06/01,Ja
305,Winsome,Rurik,2025/07/31,2024/12/24,5,5,false,true,24,GYS,17,BVB,2011/10/09,Karte
306,Toderini,Caddric,2025/08/24,2025/02/13,5,1,true,false,18,GOE,21,FSM,1996/04/23,Karte
307,MacLure,Mordecai,2025/08/16,2025/08/06,1,1,false,false,14,PUT,8,FSM,2002/01/20,Karte
308,Syde,Alene,2025/04/15,2025/02/08,2,4,false,true,6,SVT,4,KIM,1980/05/29,Karte
309,Assante,Markus,2025/10/11,2025/03/13,1,7,false,true,14,TOF,1,KIM,1987/10/28,Ja
310,Tincknell,Arnaldo,2025/03/07,2025/02/24,1,5,false,false,6,SWS,8,BVB,2016/09/21,Ja
311,Coath,Barbette,2025/03/21,2025/11/18,3,8,false,false,30,FPY,15,BT,1979/05/02,Ja
312,Gow,Horten,2025/07/07,2025/04/02,4,6,false,false,18,WNN,27,BVB,1973/10/29,Karte
313,Borsnall,Calvin,2025/02/22,2025/10/25,6,7,true,false,15,RYK,23,BVB,1996/04/27,Karte
314,Escott,Averil,2024/12/20,2025/05/01,3,1,false,false,29,COE,11,BVB,1988/02/22,Karte
315,Smallshaw,Sayre,2025/11/15,2025/10/22,2,8,true,false,12,AZT,23,FSM,2013/01/09,Nein
316,Vinton,Edgar,2024/12/14,2025/01/03,2,5,false,true,3,DHD,1,BVB,2003/05/21,Nein
317,Utting,Johnnie,2025/08/18,2025/08/24,4,8,true,true,19,KEH,17,FSM,2010/03/27,Karte
318,Ovens,Candie,2025/06/11,2025/03/18,6,6,true,true,16,SYZ,7,FSM,1974/01/02,Nein
319,Found,Temp,2025/07/24,2025/03/30,5,7,false,false,24,TBO,17,KIM,1973/01/10,Karte
320,Parmenter,Pavia,2024/11/26,2025/10/29,2,1,false,false,30,TMQ,14,BT,1984/12/27,Nein
321,Kingstne,Theresa,2025/09/21,2025/10/31,5,3,false,false,24,KOX,10,FSM,1971/05/26,Nein
322,Tanton,Sara-ann,2025/10/29,2025/05/09,6,3,true,false,14,DWA,15,FSM,1997/05/07,Nein
323,Gawthrop,Ashby,2025/06/02,2025/03/11,1,6,true,false,14,BFL,11,BVB,1988/12/27,Ja
324,Masterson,Daniela,2025/07/20,2025/04/27,5,7,false,true,14,MRF,18,BVB,1999/04/08,Karte
325,Laherty,Samara,2024/11/22,2025/08/26,5,1,true,true,16,RTA,25,FSM,1975/01/02,Ja
326,Cantero,Ludovika,2024/11/22,2025/05/02,5,6,false,true,9,YDA,3,BT,1976/06/05,Ja
327,Webburn,Emma,2025/03/11,2025/04/16,2,7,true,true,10,LKO,12,BVB,2016/05/11,Ja
328,Rapi,Madison,2025/01/02,2025/08/31,6,7,true,false,29,OBX,27,FSM,1989/08/26,Nein
329,Le Count,Anstice,2024/12/26,2025/10/10,6,8,true,true,1,NAD,8,BT,2016/10/10,Karte
330,Ramalhete,Shaine,2025/03/26,2025/07/01,6,6,true,false,5,VNS,14,KIM,2011/11/04,Karte
331,Syder,Marianna,2025/04/17,2025/09/26,3,7,false,false,20,AML,6,BVB,1979/07/12,Karte
332,Winston,Roshelle,2025/01/17,2025/03/07,6,5,false,true,12,MUB,30,KIM,1977/06/29,Karte
333,Greystock,Brandea,2025/05/12,2025/10/13,1,8,true,true,12,CZE,28,BVB,2005/08/24,Nein
334,Blasetti,Phelia,2025/04/06,2025/02/21,3,9,true,false,29,SZE,6,BVB,2003/12/27,Nein
335,Ryall,Adda,2025/02/05,2025/02/04,5,3,false,false,26,JAM,4,BT,2007/09/17,Nein
336,Durbann,Cassandra,2025/02/14,2025/04/23,1,4,true,false,5,LGW,29,BT,2007/11/22,Ja
337,Luckie,Jenine,2025/09/28,2025/10/12,2,8,true,true,25,ORZ,14,KIM,1971/05/12,Karte
338,Weeden,Kirsten,2025/10/14,2025/09/01,3,3,true,false,21,PKT,18,FSM,1994/09/13,Karte
339,Warhurst,Ag,2025/05/29,2025/02/24,2,7,true,false,13,LNY,18,KIM,1973/07/23,Ja
340,Fiddy,Ursa,2025/05/22,2025/03/14,5,3,true,true,21,BXM,25,BVB,1980/01/12,Ja
341,Daftor,Kaja,2025/06/23,2025/04/10,1,5,false,false,16,GRJ,7,BT,1986/07/06,Ja
342,Frentz,Shelly,2025/03/19,2025/06/11,6,6,true,false,10,YXC,11,FSM,1999/05/29,Karte
343,Chalfant,Darline,2025/02/22,2025/03/02,2,3,true,true,14,NOD,25,FSM,1989/06/19,Karte
344,Cossom,Hilarius,2024/12/27,2025/02/06,1,2,true,false,12,DKR,6,FSM,2015/01/03,Ja
345,Whall,Bald,2025/04/07,2025/05/15,6,9,true,false,20,NZH,12,BVB,2001/01/08,Ja
346,Ogglebie,Nolie,2025/11/02,2025/10/20,4,2,true,true,10,SRY,13,FSM,1985/07/20,Nein
347,De Rye Barrett,Mallissa,2025/11/05,2025/01/09,2,8,false,true,2,KUX,2,FSM,2010/12/17,Nein
348,Dreelan,Erica,2025/03/01,2025/06/17,3,5,true,false,26,GLI,15,KIM,1995/11/12,Karte
349,Swalwel,Carling,2025/07/18,2024/12/23,1,4,true,true,8,WHD,22,BT,2017/05/13,Nein
350,Crowden,Lynnea,2025/07/06,2025/07/22,4,4,false,true,28,KLR,7,FSM,1973/07/03,Karte
351,Stamper,Ciel,2024/12/06,2024/12/19,6,8,false,true,28,THD,11,BVB,1970/12/12,Nein
352,Matyas,Ennis,2025/03/27,2025/06/11,3,4,false,true,29,VNT,21,BT,2008/11/06,Karte
353,Pacher,Vinni,2025/01/27,2025/04/17,5,9,false,false,6,WOT,1,FSM,1993/07/15,Ja
354,Kardos-Stowe,Benni,2025/09/19,2025/11/10,4,6,false,false,7,KJK,29,BT,1994/10/17,Ja
355,Reeday,Anallese,2025/08/31,2025/10/13,1,2,true,false,19,AQP,3,KIM,1989/03/31,Nein
356,Grigorini,Ermin,2025/05/27,2025/03/08,6,8,false,true,15,EWK,30,KIM,2013/04/10,Karte
357,Dubery,Lizette,2025/11/11,2025/03/16,5,8,false,false,5,NYU,9,KIM,1990/06/26,Nein
358,Hullin,Lucinda,2025/01/29,2025/08/08,2,3,true,true,2,ETN,5,BT,2008/08/12,Nein
359,Kill,Stu,2025/08/18,2025/09/21,2,9,true,false,23,GPB,20,KIM,1997/04/11,Ja
360,Kivelle,Guenna,2025/05/07,2025/02/22,6,6,false,false,20,DCK,16,BT,1980/03/02,Nein
361,Szach,Harley,2024/12/08,2025/01/03,2,5,false,false,8,SOL,3,BT,1978/06/29,Karte
362,Brockelsby,Waldon,2025/07/27,2025/06/26,4,7,true,false,17,EBM,1,KIM,2010/11/28,Nein
363,Glynn,Atlante,2025/02/24,2025/06/29,6,5,false,false,1,VAW,1,KIM,1972/12/15,Nein
364,Dutt,Sharon,2025/08/14,2025/05/18,2,1,true,true,5,YRR,26,FSM,1991/05/04,Ja
365,Stirley,Judie,2025/02/25,2025/01/05,3,4,true,false,5,LCB,22,KIM,1979/01/16,Ja
366,Shapter,Odell,2025/08/19,2025/08/16,3,1,false,true,29,DWR,6,FSM,1984/07/10,Ja
367,Maris,Hermione,2025/09/02,2025/03/17,1,9,true,false,20,HUF,17,KIM,1981/12/28,Karte
368,Thombleson,Becky,2025/07/26,2025/02/22,6,3,false,false,13,BAR,8,BT,1993/06/09,Nein
369,Tipping,Mair,2025/06/22,2025/01/12,3,6,false,false,20,GEX,14,BT,2005/08/05,Karte
370,Forker,Conn,2024/11/24,2025/01/19,6,8,false,false,28,EGP,15,KIM,1975/04/15,Karte
371,Goodale,Daryl,2025/05/09,2025/07/18,4,3,true,false,6,OGU,29,BT,2004/10/17,Nein
372,Whitebrook,Brandon,2024/12/08,2025/03/06,3,7,true,true,25,CJT,20,KIM,1971/09/18,Nein
373,Lowery,Karee,2025/08/19,2025/05/06,3,7,true,false,3,SWM,19,FSM,1984/02/20,Karte
374,Ockland,Philomena,2025/08/10,2025/01/03,4,2,true,false,20,MNR,23,FSM,1985/02/02,Ja
375,McKendry,Tisha,2025/07/31,2025/07/25,3,8,false,false,29,DRD,17,BT,1983/10/13,Karte
376,Clow,Gail,2025/01/14,2025/03/05,3,5,false,false,7,CRV,28,BVB,1975/11/21,Ja
377,L'Episcopio,Kenny,2025/03/29,2025/01/13,3,9,true,false,14,EYK,18,KIM,1985/11/07,Ja
378,Dobby,Audy,2025/09/18,2025/06/09,3,8,false,false,9,JIN,2,KIM,2015/11/25,Karte
379,Durdy,Dorelle,2025/06/12,2025/10/27,3,3,false,true,23,FRB,6,BT,1985/02/16,Karte
380,Gascar,Christan,2025/08/18,2025/07/14,4,1,true,true,26,GSW,28,BT,1981/04/13,Ja
381,Petr,Parker,2025/09/13,2025/06/21,1,4,false,false,27,ENW,19,BVB,1994/03/08,Ja
382,Salmen,Zaneta,2025/08/25,2025/11/19,5,5,true,true,19,COF,30,FSM,2007/10/11,Ja
383,Malatalant,Marcelline,2025/02/23,2025/02/04,2,3,true,true,26,PIK,23,BVB,2008/05/05,Ja
384,Bottoner,Abram,2025/05/04,2025/05/06,6,1,true,false,26,PVO,4,FSM,1982/08/02,Karte
385,Longworth,Trixy,2025/03/09,2025/02/18,4,4,false,false,5,SRF,9,BT,1980/09/09,Nein
386,Fraczkiewicz,Pet,2025/04/28,2025/05/25,5,8,false,false,12,ATD,1,FSM,1992/11/01,Karte
387,Jacobowicz,Tandie,2025/11/10,2025/10/06,1,2,true,false,12,AFN,19,KIM,1991/06/05,Karte
388,O' Molan,Burtie,2025/09/08,2025/06/07,1,2,true,false,24,PIE,14,FSM,1984/05/13,Ja
389,Fingleton,Nananne,2025/03/29,2025/02/11,4,4,true,true,23,WMI,4,KIM,1995/08/06,Karte
390,Yurmanovev,Yasmin,2024/12/22,2025/06/06,4,2,false,true,14,RKV,21,FSM,1974/08/16,Nein
391,MacAnespie,Ellissa,2025/01/20,2025/03/16,6,2,true,false,27,MVP,14,BVB,2017/09/28,Nein
392,Lillecrop,Brandi,2025/01/05,2024/11/28,2,1,false,false,30,QSX,20,KIM,2010/01/27,Ja
393,Rooksby,Roseanne,2025/06/06,2025/05/11,6,3,true,false,23,MCY,2,BVB,1996/08/20,Nein
394,Crookes,Angelika,2025/05/09,2025/08/02,1,5,false,false,1,MFE,20,KIM,2005/06/10,Ja
395,Bellworthy,Hasheem,2025/01/30,2025/08/05,4,7,true,false,23,LIE,21,KIM,1984/03/10,Karte
396,McGeady,Mellisent,2024/12/02,2025/10/19,2,4,true,false,18,BYU,27,BVB,1972/12/03,Ja
397,Jedrysik,Angelico,2025/01/17,2024/11/26,5,1,false,true,6,HZL,13,BVB,1975/06/30,Nein
398,Chiplin,Malina,2025/09/13,2025/01/25,4,2,true,true,18,ALR,19,BT,1991/04/22,Karte
399,Legon,Caressa,2025/01/15,2025/06/16,6,2,true,false,20,DGN,3,BT,1970/02/26,Nein
400,Winfindine,Cammy,2025/02/11,2025/11/05,1,7,false,true,26,RNR,20,BT,1988/05/15,Nein
401,Joe,Jacqueline,2025/10/10,2025/04/06,4,2,false,true,11,OWD,23,BT,1975/09/09,Nein
402,Quilligan,Kimberlyn,2025/02/27,2025/03/25,2,8,true,false,27,YGT,14,BT,1991/05/19,Karte
403,Ferreo,Emogene,2024/12/06,2025/08/15,2,6,false,false,17,REA,14,BT,2000/04/29,Karte
404,Cowey,Constancia,2025/02/18,2025/04/27,6,2,false,true,10,OTR,24,BVB,1970/07/31,Karte
405,Kingsnod,Dara,2025/05/12,2025/06/14,6,5,true,false,4,KOX,6,KIM,1993/05/19,Nein
406,Popplewell,Cristal,2025/03/14,2025/03/27,3,9,true,false,5,BMG,11,BVB,2016/11/17,Ja
407,Temperton,Caroline,2025/08/20,2025/02/23,4,5,true,false,4,RWN,6,FSM,1979/10/31,Ja
408,Lowthian,Cleavland,2025/11/04,2025/03/21,3,7,true,true,2,AAI,21,FSM,1986/07/30,Karte
409,Brister,Tobie,2025/05/27,2025/10/20,1,4,false,true,29,JUV,29,FSM,1975/07/10,Karte
410,Bracci,Sharla,2025/08/27,2024/12/29,6,8,false,true,25,COW,11,BT,1993/01/07,Karte
411,Dunnet,Ned,2025/11/15,2025/11/01,5,1,false,false,11,PDP,9,FSM,1972/04/01,Ja
412,Dwelley,Joan,2025/11/01,2025/10/16,1,4,true,false,9,KTR,10,KIM,1991/10/14,Ja
413,Kalderon,Denney,2025/02/02,2025/05/06,2,9,true,false,3,GPT,16,BVB,1979/09/10,Karte
414,Garmey,Jaymee,2024/12/30,2025/02/19,1,4,false,true,28,IOU,21,FSM,2009/04/04,Karte
415,Latimer,Rory,2025/04/26,2024/12/14,5,8,true,false,2,DPE,11,FSM,2015/05/01,Nein
416,Mayward,Francoise,2025/07/15,2025/07/13,4,6,false,true,3,KFA,27,BT,1980/02/28,Ja
417,Raecroft,Sasha,2025/03/04,2025/10/04,5,4,false,false,8,HOD,30,FSM,2015/01/10,Karte
418,Scates,Annette,2025/03/25,2025/09/02,2,2,false,false,25,TDA,15,FSM,1992/01/11,Ja
419,McSporon,Johnette,2025/05/28,2025/02/05,3,6,true,false,19,OAJ,17,BVB,2008/07/10,Nein
420,Leijs,Jessie,2025/09/17,2025/04/12,5,6,true,false,25,LAA,15,FSM,1978/11/18,Nein
421,Wittrington,Mycah,2024/11/23,2025/05/10,2,3,true,false,9,BMX,2,KIM,1991/06/12,Karte
422,Symon,Simonne,2025/05/17,2025/04/02,2,2,false,false,12,BOY,29,FSM,1994/11/25,Nein
423,Gatman,Bealle,2025/07/15,2025/08/12,5,3,false,true,17,DLH,8,BVB,2014/04/25,Nein
424,Willoughey,Janenna,2025/01/02,2025/08/11,5,5,true,true,20,LBB,15,BT,2005/02/14,Ja
425,Godsil,Con,2025/09/18,2025/10/31,1,7,true,false,2,FZO,19,BVB,2000/01/27,Ja
426,Chater,Filmore,2025/07/28,2025/06/12,4,8,true,true,6,GYS,15,BVB,1996/09/15,Ja
427,Willmer,Shandy,2025/05/19,2025/07/24,5,6,true,true,22,BLC,15,BVB,2011/09/12,Ja
428,Springell,Chastity,2025/06/16,2025/10/29,1,4,true,true,18,FLG,10,BT,1999/10/08,Karte
429,Winsborrow,Marrilee,2024/12/19,2025/05/05,5,9,false,false,19,MHZ,28,KIM,1975/07/17,Karte
430,Ballay,Kalinda,2025/06/26,2025/08/23,2,6,false,false,13,KHZ,30,FSM,1982/06/11,Karte
431,Marchent,Sharl,2025/07/18,2025/03/13,6,4,true,false,11,ZPH,29,KIM,1983/04/05,Nein
432,Casoni,Cherye,2025/10/12,2025/09/20,6,8,true,true,14,BGY,30,FSM,2001/02/20,Nein
433,Stolte,Otho,2025/05/07,2025/10/31,4,5,false,false,29,PNK,4,FSM,1971/11/26,Nein
434,Boothe,Andee,2025/02/02,2025/09/05,5,7,false,false,27,BQA,16,BVB,2016/05/09,Ja
435,Fones,Kirby,2025/09/28,2025/02/03,3,8,true,false,30,PIM,13,KIM,2002/07/19,Nein
436,Patria,Deeanne,2025/11/17,2025/06/15,4,7,false,true,24,CEH,30,BVB,1995/07/02,Nein
437,Tetsall,Urbano,2025/11/08,2025/03/20,4,1,true,true,26,SYP,14,FSM,2000/10/22,Nein
438,Nears,Caz,2025/05/06,2025/02/23,1,6,false,false,20,MQE,16,BT,1985/04/07,Nein
439,Tzar,Hoyt,2025/03/13,2025/11/12,2,7,false,false,26,HOA,23,BVB,1981/09/15,Ja
440,Cant,Nat,2025/03/08,2025/05/26,2,6,true,true,20,EMI,18,FSM,1998/11/17,Karte
441,Harvey,Ginger,2024/11/27,2025/01/29,1,1,false,false,17,EVV,29,KIM,2003/09/24,Karte
442,Jaques,Cristina,2025/01/20,2025/03/31,2,9,false,false,22,FNI,19,FSM,2005/09/03,Nein
443,Yetman,Gaile,2025/08/02,2025/03/19,6,9,true,false,18,FRL,9,BVB,1981/04/15,Karte
444,Beric,Kaja,2025/05/28,2024/12/17,4,8,true,false,22,HWK,13,FSM,1991/01/05,Ja
445,Copp,Clarette,2025/09/09,2025/11/05,1,3,true,false,15,MYL,8,FSM,1992/12/11,Nein
446,Gounot,Flossi,2025/01/09,2025/09/07,6,4,true,false,25,ULO,9,BT,1994/06/12,Nein
447,Rudkin,Lotta,2024/12/11,2025/04/25,2,2,true,false,4,ZGF,25,FSM,1970/09/03,Nein
448,Lorraine,Alanson,2025/01/03,2025/08/21,6,9,true,false,6,0,9,FSM,2001/10/02,Ja
449,Zanioletti,Salem,2025/07/21,2025/03/19,5,6,true,false,27,FWH,1,FSM,2015/08/30,Nein
450,Aylott,Hersch,2025/09/21,2025/09/15,6,6,true,true,1,SKD,26,FSM,1983/12/19,Ja
451,Coope,Carri,2025/03/28,2025/10/25,3,8,false,false,20,BYK,30,BT,1991/02/04,Ja
452,Dand,Yehudi,2025/09/17,2025/08/09,6,6,true,false,13,OKR,30,BVB,1987/09/26,Karte
453,Edgeon,Baron,2025/10/08,2024/11/25,5,5,true,true,27,HII,7,BVB,2017/06/13,Ja
454,Starte,Ryun,2025/10/22,2025/10/06,1,7,false,false,18,BUG,21,KIM,1998/07/16,Karte
455,Caff,Thain,2025/03/05,2025/06/12,1,9,true,true,12,BIX,19,KIM,1981/06/17,Ja
456,Fearnall,Charley,2025/07/01,2025/01/07,3,1,false,true,1,GCJ,15,KIM,1990/09/08,Nein
457,Coaster,Hamid,2025/05/15,2025/11/11,4,4,true,false,4,FLO,21,BVB,1980/05/11,Ja
458,Vertigan,Valentine,2025/06/01,2025/07/15,3,4,false,true,6,HGA,22,BT,1981/11/09,Nein
459,Waldrum,Terese,2025/11/17,2025/07/10,2,5,true,true,12,TQS,14,BVB,1991/08/22,Nein
460,Tunstall,Der,2025/10/15,2025/03/07,4,7,true,false,13,OKG,8,BT,2015/03/15,Nein
461,Bernardet,Cahra,2025/10/05,2025/01/11,1,5,true,true,5,SGC,18,FSM,1982/12/18,Karte
462,Leynham,Danica,2025/01/17,2025/10/06,3,1,true,false,28,MRX,7,BVB,1986/11/21,Karte
463,Amoore,Lanny,2025/02/04,2025/06/26,5,5,true,true,20,SCO,24,BVB,1997/08/03,Nein
464,McIlmurray,Hansiain,2024/12/16,2025/01/17,4,3,false,false,18,GGE,22,FSM,1972/11/14,Karte
465,Belhomme,Nanci,2025/06/18,2025/03/26,2,3,true,false,11,MEC,12,BT,1986/12/20,Karte
466,Kaliszewski,Delinda,2025/01/12,2025/04/08,3,6,true,false,10,WOW,10,BVB,1976/12/29,Karte
467,Clare,Car,2025/07/25,2025/05/13,5,1,false,false,14,AAA,25,BVB,1998/07/20,Ja
468,McCloughlin,Phillida,2025/03/10,2025/01/12,5,8,false,true,20,KAJ,11,BVB,1998/03/15,Karte
469,Mallindine,Josephina,2025/03/14,2025/04/26,4,2,false,true,21,RSL,7,BT,1992/03/21,Karte
470,Hrycek,Louisa,2024/12/13,2025/07/21,5,6,true,true,27,CUI,30,KIM,2014/06/09,Ja
471,Peoples,Candice,2025/02/07,2025/06/03,1,4,true,true,8,ZHY,5,BVB,1987/03/18,Karte
472,Nairns,Wallie,2025/05/01,2025/01/15,6,3,true,true,26,ISG,22,BT,1978/06/02,Ja
473,Gotling,Madelyn,2025/07/08,2025/04/23,2,8,true,false,15,MYV,1,BVB,1987/02/18,Karte
474,Buston,Roth,2025/10/17,2025/09/21,3,6,false,false,8,LHV,22,KIM,1989/11/07,Ja
475,MacCaull,Tabby,2025/06/30,2025/03/14,3,6,true,false,19,GUI,26,KIM,1998/04/14,Nein
476,Silburn,Curry,2025/10/07,2025/04/28,1,6,false,true,14,BHI,9,BVB,1972/09/01,Karte
477,Messruther,Meier,2025/05/16,2025/03/29,5,3,false,true,2,CMA,1,BVB,1995/05/06,Ja
478,Lettuce,Olwen,2025/03/13,2025/09/23,6,7,false,false,8,BHE,2,FSM,1983/06/09,Nein
479,Sentinella,Homere,2025/02/22,2024/11/25,4,3,false,true,11,TOB,11,KIM,2011/08/07,Nein
480,Sreenan,Standford,2025/03/04,2024/12/17,3,3,false,false,22,BMY,4,BVB,1978/03/29,Karte
481,Ielden,Chilton,2025/02/28,2025/01/27,4,7,true,false,6,ORM,16,BVB,1997/10/23,Ja
482,Kohlerman,Philippa,2025/11/10,2025/01/24,1,6,true,true,30,LYU,15,FSM,2008/12/25,Ja
483,Aspital,Klara,2025/04/15,2025/01/24,5,5,false,false,19,ZHP,19,KIM,2016/09/18,Karte
484,Andreu,Joly,2025/09/28,2025/10/10,5,2,true,false,1,PQM,2,FSM,2002/02/07,Karte
485,Dutteridge,Bekki,2025/01/30,2025/04/04,1,1,false,true,2,BNF,14,BT,2011/05/16,Ja
486,Fache,Tore,2025/07/08,2025/10/29,1,1,true,true,11,BNZ,9,FSM,1988/06/07,Ja
487,Macbane,Lawton,2025/09/06,2025/09/20,2,7,true,true,20,PIO,17,FSM,1972/03/15,Karte
488,Gell,Iona,2025/07/29,2025/08/10,6,4,false,true,15,SYM,16,KIM,1999/05/01,Karte
489,Hemms,Annamarie,2025/03/13,2025/09/03,2,9,true,false,20,PPE,12,FSM,1979/12/13,Ja
490,Fawdry,Ashton,2025/11/09,2024/12/28,4,7,true,false,19,UMS,25,FSM,2002/08/14,Ja
491,Kenningham,Erma,2025/08/01,2025/08/31,1,7,false,false,6,TBB,12,KIM,2000/03/17,Ja
492,Roft,Corella,2025/09/01,2025/11/10,3,8,true,true,4,IFU,17,BVB,1982/11/15,Ja
493,Waldocke,Fairfax,2025/01/31,2024/12/01,4,7,true,false,5,ACV,29,KIM,1997/10/21,Ja
494,Walesby,Celie,2025/03/10,2024/11/23,2,3,false,false,2,CES,21,KIM,1989/11/01,Nein
495,Weild,Eveline,2025/05/12,2025/05/10,1,9,true,false,3,YSL,26,BVB,1976/08/19,Karte
496,Khomich,Pablo,2025/03/20,2025/01/27,4,2,false,false,19,YAM,11,KIM,2010/06/14,Nein
497,Fronek,Rubina,2025/04/14,2025/05/07,4,8,true,true,16,SXU,6,FSM,2011/08/04,Nein
498,Sproston,Maury,2025/02/02,2025/03/19,6,1,true,true,11,TCL,9,BVB,2000/08/21,Karte
499,McIlwrath,Philis,2025/06/25,2025/05/23,4,7,false,true,6,CUO,15,BT,2004/08/09,Ja
500,Thurber,Jacquette,2025/04/16,2025/07/31,1,4,false,true,19,YPJ,25,FSM,1984/11/08,Ja
501,Blomefield,Garreth,2025/03/16,2025/03/03,5,2,false,true,5,0,18,KIM,2008/01/18,Ja
502,Dwyr,Nickey,2024/12/23,2025/06/04,1,1,false,false,24,BXI,13,KIM,2007/06/15,Nein
503,Abelson,Wat,2025/01/28,2025/08/19,5,1,true,false,25,AYG,19,KIM,2011/09/16,Karte
504,Sammon,Cheston,2025/05/24,2025/01/23,6,9,true,false,22,DJJ,23,FSM,1973/10/17,Nein
505,Schultheiss,Terri-jo,2025/08/18,2025/04/11,4,7,true,false,23,SMT,30,BT,1996/08/17,Nein
506,Meiningen,Tandy,2025/04/16,2025/08/25,1,5,false,false,5,ZIZ,8,KIM,2008/04/04,Karte
507,Searle,Ilaire,2025/10/27,2025/10/16,1,1,false,false,4,VLS,7,FSM,2005/11/22,Ja
508,Kalinowsky,Krysta,2024/12/08,2025/11/04,3,1,false,false,14,UAM,12,FSM,1992/05/17,Nein
509,Tennant,Giorgia,2024/11/30,2024/12/09,1,1,false,true,25,CUY,21,FSM,2012/12/09,Nein
510,Pinare,Frederik,2024/12/13,2025/03/12,4,4,false,false,4,LIZ,18,BT,2003/05/11,Nein
511,Durnian,Markos,2025/03/01,2025/10/02,2,6,true,true,15,ZNZ,11,BVB,1973/01/20,Karte
512,Scruby,Angela,2025/05/23,2025/03/19,4,1,true,true,23,ZEM,20,BVB,2014/06/07,Ja
513,Broek,Marthena,2025/05/22,2025/10/18,4,3,true,true,18,YKY,26,BVB,1976/06/22,Ja
514,Fransseni,Balduin,2025/06/18,2025/09/02,3,3,false,false,5,GPL,4,BVB,1984/02/19,Nein
515,Tebbs,Nanice,2025/03/15,2025/01/05,4,2,true,false,28,YGY,21,BT,1973/02/07,Ja
516,Beaby,Marje,2025/02/11,2025/01/28,4,6,false,true,15,EAR,26,FSM,2002/04/14,Ja
517,Greenley,Sidney,2025/05/05,2025/05/09,5,9,true,false,12,KEJ,12,BVB,2010/10/15,Nein
518,Maddie,Fairlie,2025/04/23,2025/10/27,6,4,true,true,30,NZE,2,BVB,2015/06/07,Ja
519,Clogg,Julienne,2025/01/03,2025/04/20,5,8,true,true,13,PKD,14,KIM,2006/04/12,Nein
520,Willmett,Caleb,2025/09/11,2025/11/01,4,5,false,true,26,JNI,15,BT,1990/08/16,Ja
521,Fermin,Godfrey,2025/04/29,2025/09/29,4,9,false,true,8,DRB,27,BT,2004/05/31,Nein
522,MacAdie,Jacobo,2025/04/19,2025/04/13,6,3,true,false,27,POO,24,FSM,1980/09/11,Karte
523,Riccard,Lucienne,2025/05/29,2025/05/31,3,8,false,true,4,WTE,2,FSM,1979/11/14,Nein
524,Rubenczyk,Ewart,2025/07/10,2025/05/28,1,3,true,false,8,VAG,21,BVB,1988/11/13,Ja
525,Handforth,Roseann,2025/04/19,2025/02/27,5,9,true,false,3,FKI,25,KIM,1987/05/26,Karte
526,Tace,Lowell,2025/09/01,2025/11/11,1,5,false,false,15,BZM,8,FSM,2014/04/02,Ja
527,Abelov,Jeffy,2025/07/21,2025/07/18,5,6,true,true,10,MMG,30,FSM,1985/05/03,Nein
528,Fairfoot,Courtnay,2025/07/07,2024/12/14,5,8,true,false,25,KEB,28,KIM,1981/12/05,Ja
529,McAughtrie,Roth,2025/02/09,2025/02/17,2,8,true,false,3,VII,11,BVB,1979/09/21,Nein
530,Tolchar,Barnebas,2024/11/24,2024/12/17,2,3,false,true,1,BKK,29,KIM,1996/07/07,Nein
531,Coad,Christie,2025/06/30,2024/12/12,2,3,false,true,27,HWD,5,BT,2012/01/19,Karte
532,Brocklesby,Khalil,2025/10/05,2025/11/11,4,9,true,true,3,TLF,15,FSM,2006/07/17,Ja
533,Harback,Taffy,2024/12/21,2025/05/14,5,2,true,true,12,LZO,22,BT,2010/05/10,Nein
534,Jardein,Barbabas,2025/05/01,2024/11/30,1,2,false,true,7,SYZ,20,FSM,1999/12/04,Ja
535,Blonden,Keefe,2025/01/03,2025/09/07,6,8,false,false,3,AHO,21,FSM,2007/11/01,Nein
536,Magister,Julina,2025/07/01,2025/02/16,3,9,false,true,5,AJN,5,KIM,1999/09/22,Nein
537,Murdoch,Darci,2025/06/26,2025/03/01,3,5,true,true,11,MOQ,7,FSM,2007/05/31,Karte
538,Leworthy,Silvia,2025/06/11,2025/07/13,5,4,true,true,22,YAK,24,KIM,1984/03/08,Ja
539,Canto,Joan,2025/03/03,2025/01/04,3,9,false,true,25,KBF,5,KIM,1977/03/30,Nein
540,Sutworth,Welsh,2025/05/21,2025/01/07,3,1,true,true,12,JJD,14,FSM,2011/05/11,Ja
541,Wale,Findlay,2025/10/30,2025/07/06,5,6,true,true,7,HJT,30,BT,1971/09/21,Karte
542,Betchley,Beth,2025/07/26,2025/08/13,3,1,false,true,21,GFE,2,KIM,1975/11/30,Ja
543,Endricci,Yoshiko,2025/10/05,2025/06/24,4,7,true,false,30,YST,10,FSM,1985/11/14,Ja
544,Semour,Elane,2025/06/17,2025/04/01,6,5,true,true,6,TDL,5,KIM,1997/06/07,Karte
545,Oates,Elden,2025/09/22,2025/02/28,4,3,false,false,23,LND,24,BT,1990/07/16,Nein
546,Tellesson,Erroll,2025/01/29,2025/05/15,5,5,true,true,12,MDQ,21,BVB,1988/03/27,Karte
547,Witheford,Yvon,2024/12/14,2025/10/23,5,9,true,false,17,ANO,14,KIM,2001/03/22,Karte
548,Parfitt,Jerrilyn,2025/06/29,2025/06/04,5,1,false,true,21,SAG,14,BVB,1987/02/17,Karte
549,Naulls,Smith,2025/04/11,2025/11/01,1,6,false,true,24,PPS,15,BVB,2016/12/11,Karte
550,Lanning,Renaldo,2025/02/15,2025/05/03,1,8,false,false,30,TSV,22,KIM,1989/10/31,Karte
551,Fetherston,Alistair,2025/06/25,2025/10/19,1,8,true,false,10,BJE,2,FSM,2008/12/07,Nein
552,McQuin,Bendite,2025/05/29,2025/02/28,2,1,false,false,11,FCS,22,KIM,1990/01/12,Ja
553,Scamadine,Bekki,2025/06/25,2025/04/08,4,3,true,true,8,KDO,19,BT,1970/01/23,Ja
554,Vayne,Andromache,2025/09/18,2025/07/11,3,1,false,false,11,SLR,1,FSM,1987/10/23,Ja
555,Bonniface,Goldina,2025/07/21,2025/06/21,4,5,true,false,3,MOE,21,BT,1977/09/03,Nein
556,Priddy,Seymour,2025/10/30,2024/11/29,3,9,false,false,3,0,1,BT,1976/10/06,Karte
557,Faichnie,Bran,2025/09/29,2024/11/28,4,3,false,true,23,STN,1,FSM,2003/09/07,Nein
558,Strettle,Charin,2025/01/03,2024/12/01,5,1,true,false,11,LHE,25,BT,1997/06/23,Nein
559,Zanutti,Sigismundo,2025/03/04,2024/12/14,2,5,false,true,21,IEV,30,BVB,2003/11/04,Nein
560,Ellerton,Wilhelm,2025/09/29,2025/08/05,1,4,true,false,17,SYS,29,KIM,2006/04/01,Karte
561,Purseglove,Nina,2025/10/09,2025/02/02,2,8,true,false,5,SQY,30,BVB,1976/12/10,Nein
562,Youings,Dorian,2025/09/08,2025/05/01,6,3,true,true,24,QUO,27,KIM,1985/07/12,Nein
563,Garstan,Cully,2025/09/09,2025/05/07,6,5,false,false,5,OSN,25,KIM,2015/03/23,Ja
564,de Pinna,Robbie,2025/03/11,2025/01/09,2,9,false,false,9,KKM,25,KIM,1978/01/21,Ja
565,Manilove,Broderic,2025/08/05,2025/07/03,3,7,false,true,25,NZA,20,FSM,1973/12/06,Karte
566,Leek,Sigfrid,2025/02/07,2025/01/04,5,2,false,true,30,SJJ,15,BVB,2003/05/24,Ja
567,Leavens,Herb,2025/03/27,2025/09/27,2,8,true,true,10,XAR,5,FSM,1982/04/19,Nein
568,Yankeev,Edin,2025/10/12,2025/07/10,5,2,true,false,1,BRM,23,BVB,1983/02/20,Ja
569,Arnholdt,Denyse,2025/06/22,2025/09/13,2,2,false,true,20,SIJ,20,BVB,2016/03/11,Karte
570,Matkovic,Nap,2025/06/11,2025/09/26,4,3,false,false,21,NOJ,24,KIM,1978/04/09,Ja
571,Llop,Rosanna,2025/09/23,2025/07/11,5,2,true,true,17,LYB,3,BVB,2016/05/06,Ja
572,Cassin,Annalee,2024/12/27,2025/04/12,3,3,false,true,4,PBF,16,BVB,1975/08/16,Nein
573,Molloy,Mehetabel,2025/01/26,2025/03/08,6,6,false,true,9,NUD,14,KIM,2000/01/25,Ja
574,Agett,Ammamaria,2025/07/23,2025/01/28,3,5,false,false,10,HAQ,24,BT,2013/12/16,Ja
575,Puddicombe,Jennifer,2024/12/22,2024/12/01,4,2,true,true,26,CEL,11,FSM,1984/02/28,Karte
576,Pylkynyton,Karlan,2025/08/03,2025/05/14,5,6,true,false,18,GIU,24,KIM,1978/08/10,Ja
577,Walstow,Pierrette,2025/09/09,2025/01/19,4,3,true,true,3,TBH,24,BVB,1987/06/24,Ja
578,MacGuffog,Arvin,2025/11/09,2025/08/02,5,7,false,false,2,YZS,8,KIM,2005/01/21,Karte
579,Itskovitz,Ronnie,2025/09/08,2025/02/19,6,2,true,true,13,WIL,27,KIM,1980/06/09,Ja
580,Peschet,Wayne,2025/09/16,2025/09/15,6,1,true,false,13,HLP,2,KIM,1973/08/10,Nein
581,Capon,Loise,2025/03/13,2025/04/10,4,7,false,true,29,MFE,10,KIM,2015/02/23,Ja
582,Acomb,Natal,2025/06/11,2025/06/28,4,7,true,false,2,HUX,21,FSM,2004/04/24,Ja
583,Bassford,Murdoch,2025/10/06,2025/09/10,6,1,false,true,21,IZA,26,BVB,2006/09/22,Nein
584,Bush,Ottilie,2025/05/06,2025/04/04,6,3,true,true,7,BEO,26,BVB,1997/07/20,Karte
585,Gribben,Philipa,2025/01/15,2025/02/01,4,4,false,true,22,WGY,3,BT,2014/06/14,Nein
586,Petty,Willem,2025/09/23,2024/12/30,1,8,false,true,6,BKK,6,BVB,1980/03/17,Karte
587,Durnell,Brocky,2025/04/11,2025/06/16,6,7,false,false,18,JRB,5,KIM,2009/09/24,Karte
588,MacInerney,Alice,2024/12/29,2025/01/24,4,9,true,false,2,OGO,30,BT,2000/01/20,Nein
589,Southcott,Mort,2024/11/27,2024/11/28,2,9,true,true,25,YEI,30,FSM,2002/07/09,Nein
590,Moorton,Ronny,2025/02/04,2025/03/11,5,9,true,true,23,HSK,11,FSM,1975/02/25,Nein
591,Howen,Marcelia,2024/11/22,2025/09/24,1,2,true,false,30,KAO,15,FSM,1993/04/21,Karte
592,Haddleton,Clemmy,2025/05/29,2025/10/03,5,6,false,true,30,IDY,12,FSM,1996/10/30,Karte
593,Sarfass,Adan,2024/12/20,2025/02/09,1,3,false,true,28,IOU,27,KIM,1977/12/01,Nein
594,O'Canavan,Archie,2025/10/24,2025/09/12,6,2,false,false,4,GJT,15,FSM,2001/01/30,Nein
595,Dowtry,Reeba,2025/11/06,2025/06/05,2,7,true,true,17,ESM,10,KIM,1983/01/23,Ja
596,Setchfield,Cosimo,2025/08/09,2025/11/11,4,1,true,true,22,KOA,17,BVB,1990/08/28,Nein
597,Figliovanni,Phylys,2025/05/25,2025/02/13,6,7,false,false,17,VJB,17,KIM,1986/11/07,Ja
598,Laweles,Oran,2025/06/05,2025/11/12,1,6,true,false,27,YOH,2,BT,1970/10/06,Nein
599,Dedon,Skippy,2025/07/22,2025/07/03,3,1,true,false,7,DAV,16,KIM,1981/08/25,Nein
600,Terbrug,Winifield,2025/06/06,2025/11/19,2,8,false,true,16,AGF,8,BVB,2006/01/28,Nein
601,Waddoups,Malvina,2025/07/04,2025/07/07,4,3,false,true,12,MMX,18,KIM,2012/03/04,Karte
602,Taaffe,Noll,2025/09/11,2025/09/02,4,5,true,true,17,INX,7,KIM,1981/04/04,Karte
603,Paolazzi,Herbie,2025/02/05,2025/03/22,1,6,true,false,27,BFQ,2,FSM,1987/12/29,Karte
604,MacGee,Erinna,2025/10/18,2025/03/30,3,7,false,true,27,BDC,24,BVB,1985/09/11,Nein
605,Broy,Tildy,2025/02/08,2025/10/08,6,4,false,true,17,UWA,12,KIM,1992/12/29,Karte
606,Matej,Kylie,2025/01/26,2025/11/13,2,4,false,true,10,LNM,16,BT,1977/05/07,Nein
607,O'Crowley,Lewie,2025/10/25,2025/04/01,3,2,false,false,22,MGR,26,KIM,1989/02/23,Ja
608,Shippam,Opaline,2025/11/10,2025/06/21,6,5,false,true,16,GPN,8,FSM,1999/11/12,Ja
609,McAuslene,Diane-marie,2025/08/18,2025/07/16,2,9,true,false,1,QNY,8,KIM,2013/05/26,Nein
610,Renfree,Elle,2025/03/28,2024/12/25,1,6,false,true,6,IOW,2,BVB,1980/11/28,Ja
611,McFetrich,Giulio,2024/12/07,2025/10/19,4,4,true,true,14,LYK,25,KIM,2014/12/24,Ja
612,Ville,Cassaundra,2024/12/23,2025/05/07,4,9,false,true,12,HLE,16,FSM,1988/07/26,Ja
613,Springham,Evita,2025/07/20,2025/09/05,5,2,true,false,1,JCY,30,FSM,1977/08/27,Nein
614,Pestor,Kore,2025/06/12,2024/12/11,3,7,true,true,4,GYU,11,BVB,2013/12/28,Nein
615,Feitosa,Ileana,2025/01/20,2025/08/04,5,2,true,false,28,XCM,12,FSM,2009/08/31,Nein
616,Handasyde,Bear,2025/10/15,2025/10/30,5,5,true,false,26,DRO,10,BVB,2012/10/31,Nein
617,Ornils,Flory,2025/10/11,2024/11/29,4,6,false,true,14,GEX,13,KIM,2002/01/09,Karte
618,Mayze,Juliette,2025/05/04,2025/02/03,3,5,true,true,25,YAQ,24,KIM,1981/01/08,Nein
619,Hylton,Findley,2025/10/24,2025/02/01,2,7,false,true,22,NIU,11,BT,1994/10/20,Ja
620,Hovell,Karlyn,2025/01/24,2024/12/23,4,7,true,false,21,AFF,28,BT,2014/10/07,Nein
621,McCullough,Jerri,2025/08/29,2024/12/31,4,4,false,false,4,HUF,2,BT,1989/01/06,Ja
622,Castagno,Andrus,2025/08/20,2025/05/23,6,5,true,false,18,INH,7,BVB,1997/12/12,Nein
623,Shouler,Ruy,2025/05/17,2025/07/10,2,5,true,true,22,WSZ,24,FSM,1984/10/26,Ja
624,Edgson,Eugene,2025/08/29,2025/09/14,3,8,false,false,7,UAX,1,BVB,2000/10/27,Ja
625,Drinkel,Rorie,2025/01/09,2025/07/27,2,4,true,false,11,ZVK,21,KIM,1979/12/08,Ja
626,Sinderland,Darleen,2025/07/07,2025/09/01,3,3,true,false,8,PGZ,15,FSM,1979/04/26,Karte
627,Ferenczi,Libby,2024/12/26,2025/05/06,5,7,true,false,26,RDN,27,BVB,2007/06/18,Nein
628,Corrison,Ebonee,2025/05/01,2025/04/18,2,3,false,false,7,EBB,4,BVB,2003/10/22,Ja
629,Rockcliffe,Cindelyn,2024/12/15,2025/09/06,6,4,true,true,8,HDE,6,BVB,2011/09/08,Karte
630,Skain,Rica,2025/11/10,2024/12/19,6,7,false,true,28,XBO,5,KIM,2014/12/03,Karte
631,Ivanchenkov,Sol,2025/08/06,2025/02/26,5,9,true,true,21,UAC,27,FSM,1990/05/20,Ja
632,Mossman,Raddy,2025/10/18,2025/03/16,6,2,false,false,4,ABH,18,BVB,1979/04/12,Ja
633,McKerron,Ibby,2025/07/24,2025/10/01,3,2,true,true,27,RLK,28,FSM,1972/04/16,Ja
634,Putley,Devland,2025/07/30,2025/07/05,2,4,false,true,26,AIO,7,FSM,1999/03/12,Nein
635,Hawkings,Des,2024/12/07,2025/08/21,2,4,true,true,27,BDT,4,FSM,1980/04/24,Ja
636,Larner,Aurelie,2025/07/06,2025/03/02,3,3,false,true,18,BXJ,22,BT,1980/05/15,Nein
637,Orniz,Davy,2025/05/12,2025/10/03,4,3,true,true,19,NOS,29,KIM,1993/03/24,Karte
638,Normanvell,Pippo,2025/08/01,2025/10/24,4,6,true,false,13,KGA,20,BT,1974/03/19,Ja
639,Clench,Dianemarie,2025/10/21,2024/12/06,4,2,true,true,28,CDI,3,BT,2014/10/31,Ja
640,Crowd,Misti,2025/10/15,2025/06/02,5,9,true,false,11,AWM,23,FSM,1995/06/07,Nein
641,Parnell,Ellerey,2025/10/23,2025/04/07,2,4,true,false,5,MUG,9,BVB,1992/10/03,Nein
642,Janicki,Troy,2025/07/25,2025/11/10,1,1,true,false,6,KKT,21,KIM,1977/03/18,Ja
643,Bitcheno,Godiva,2025/02/01,2025/10/13,2,4,true,false,28,IBZ,18,KIM,1996/12/27,Karte
644,Sinnocke,Alwyn,2025/03/05,2025/02/24,6,3,true,false,19,IRJ,13,FSM,2016/04/05,Karte
645,Ciccotto,Ignace,2025/07/13,2025/03/08,3,7,true,true,12,UME,3,KIM,1987/02/01,Karte
646,Rawsthorn,Martie,2025/06/29,2025/11/16,1,2,false,true,16,CHX,21,KIM,1973/04/02,Nein
647,Scedall,Doll,2025/08/03,2025/05/26,3,1,false,true,23,SSR,4,BT,2001/01/28,Karte
648,Boss,Bourke,2025/09/06,2025/04/03,6,4,false,false,24,FHZ,7,BVB,2014/01/18,Ja
649,Halsho,Tine,2025/09/11,2025/04/26,6,9,true,true,3,WNN,26,BT,1982/07/18,Ja
650,Cottey,Rey,2025/07/29,2025/08/09,5,7,false,false,22,PYY,10,BT,1971/03/28,Nein
651,Stoller,Lenee,2025/01/16,2025/02/15,2,6,false,true,14,HIA,13,KIM,2003/07/23,Ja
652,Verni,Sergei,2025/11/18,2025/11/19,6,8,false,true,23,GTY,24,FSM,1996/04/23,Nein
653,Reaney,Beryl,2025/08/07,2025/07/30,2,6,false,true,7,ZCL,16,BVB,1988/05/21,Ja
654,Gorgen,Jennilee,2025/10/27,2025/07/15,5,1,true,false,23,KTE,29,FSM,1973/11/25,Karte
655,Catley,Clair,2025/08/13,2024/11/27,6,2,false,false,9,TBS,30,FSM,1991/12/24,Nein
656,Elgey,Kimbell,2025/04/30,2025/11/13,5,2,true,true,29,GMR,10,KIM,2000/01/11,Ja
657,Ehrat,Cher,2024/11/28,2025/04/16,1,2,true,true,26,SDB,13,BVB,2009/09/02,Karte
658,Nobriga,Lorrie,2025/07/30,2025/07/19,4,2,false,true,22,YRF,22,KIM,1971/03/21,Karte
659,Chapman,Fionna,2025/05/02,2025/07/24,5,2,false,true,8,PRC,28,KIM,2005/01/23,Karte
660,Skill,Boigie,2025/01/30,2025/05/24,2,7,true,false,11,MMH,8,FSM,1989/05/07,Nein
661,Addis,Trace,2025/03/08,2025/04/06,6,4,false,true,23,PUB,7,BT,1987/04/17,Ja
662,Fills,Lian,2025/02/02,2025/03/01,5,6,true,true,2,OKR,5,BVB,1987/07/22,Nein
663,Taree,Pietrek,2025/01/25,2025/02/26,1,4,true,false,3,TMS,16,BT,2000/09/07,Ja
664,Walkden,Nealson,2025/02/11,2024/12/22,5,9,false,true,5,BVU,27,BVB,1989/01/12,Karte
665,Sanpere,Bridie,2025/03/24,2025/07/29,2,6,false,false,25,ABF,15,KIM,2000/11/10,Nein
666,Rummin,Verine,2025/01/01,2025/06/30,1,7,true,true,12,ABV,26,FSM,2004/09/23,Ja
667,Harriagn,Ulla,2025/11/08,2025/03/31,5,2,false,false,22,AYG,6,BVB,1988/08/29,Karte
668,Meade,Meggi,2025/01/01,2024/12/18,3,3,true,false,22,0,28,KIM,2011/02/02,Nein
669,Couves,Ursulina,2025/05/01,2024/12/16,3,6,false,true,13,LWT,14,FSM,1978/12/27,Ja
670,Boulder,Simona,2024/12/09,2025/06/03,4,4,true,true,11,QRC,16,BT,1983/09/15,Nein
671,Grassot,Danny,2025/07/21,2025/01/19,2,5,true,false,10,MHG,18,BT,1990/04/10,Karte
672,Weyman,Washington,2025/03/01,2025/06/26,1,8,false,false,11,NQU,12,BT,1980/07/30,Nein
673,Coffelt,Birgitta,2025/03/01,2024/12/25,2,8,true,false,25,GMO,12,KIM,1994/02/22,Ja
674,Libby,Emlyn,2024/12/26,2025/07/28,5,7,true,false,14,FIL,10,KIM,1978/10/15,Ja
675,Dottridge,Benedikta,2025/01/19,2025/05/28,1,6,true,false,28,WFK,30,BT,1997/08/06,Nein
676,Bellison,Constance,2025/07/16,2025/05/25,2,4,false,false,24,HOS,18,KIM,1998/09/28,Nein
677,Bellson,Leroi,2024/12/27,2025/11/13,1,2,false,true,11,BJE,22,KIM,2016/10/16,Ja
678,Denford,Stevy,2025/01/25,2025/11/09,3,2,true,false,20,LRQ,10,KIM,2000/12/01,Karte
679,Iacovolo,Vivyan,2025/08/08,2025/09/22,5,3,false,true,16,TIN,1,KIM,1989/11/18,Nein
680,Burhill,Loren,2025/09/10,2025/09/13,2,2,true,false,12,KHH,23,FSM,1999/02/17,Ja
681,Best,Catrina,2025/01/08,2024/11/20,1,5,false,true,6,KVC,22,FSM,2002/06/18,Ja
682,Ainscough,Mufinella,2025/04/24,2025/09/13,4,4,false,false,13,AEL,24,BVB,2002/07/23,Karte
683,Thick,Yancey,2024/12/07,2025/05/03,4,9,true,true,3,CPC,3,BVB,1990/02/06,Karte
684,Millthorpe,Friedrich,2025/08/18,2025/01/26,4,9,false,false,14,BBJ,13,KIM,1999/12/09,Ja
685,Dowdall,Effie,2025/06/20,2025/05/19,5,1,true,false,6,ASZ,16,KIM,2001/07/17,Karte
686,Mountcastle,Rosabel,2025/09/20,2025/11/14,3,5,true,false,21,DBP,21,KIM,1991/10/15,Ja
687,Folland,Mab,2025/08/19,2025/05/28,4,4,false,false,21,LSZ,25,FSM,1989/06/08,Karte
688,Pollok,Berenice,2025/10/27,2025/01/28,6,6,true,false,30,NIX,20,BT,1994/06/27,Ja
689,Rief,Con,2025/03/03,2024/12/05,4,8,true,true,14,AZP,5,KIM,2002/03/16,Nein
690,Wheowall,Audra,2025/08/17,2025/03/04,3,6,true,true,7,WHU,24,BVB,2017/05/20,Nein
691,McLarens,Cordell,2025/03/04,2025/02/12,1,5,false,true,27,OCF,18,FSM,1986/10/05,Ja
692,Kingsland,Zarah,2025/07/31,2025/06/10,3,2,true,false,12,BDW,14,BT,1997/06/17,Karte
693,Domingues,Cathe,2025/07/30,2025/10/23,3,4,false,true,14,TSN,2,FSM,1990/07/02,Ja
694,Strowger,Wolfgang,2025/02/04,2025/08/29,6,2,true,true,17,STP,17,FSM,2002/04/22,Nein
695,Penke,Pru,2025/02/27,2025/03/13,3,3,false,false,22,HNM,3,BVB,1974/08/18,Ja
696,Shireff,Emalee,2025/10/17,2024/12/01,2,8,false,true,6,THQ,9,KIM,2000/12/19,Nein
697,Emlyn,Blondy,2025/01/30,2025/01/29,1,2,false,true,17,NRT,11,BVB,1988/03/15,Ja
698,Elves,Rahal,2025/08/30,2025/04/08,5,2,false,true,6,ORF,1,BVB,1979/05/02,Ja
699,Ornelas,Lee,2025/08/25,2025/08/07,6,3,false,false,23,RKY,19,FSM,1973/09/24,Ja
700,Piddock,Cherlyn,2025/07/25,2025/05/13,5,4,false,false,5,TJG,15,KIM,1992/07/25,Nein
701,Barth,Alon,2025/10/25,2025/06/16,6,6,true,true,27,YAB,9,FSM,1988/07/06,Ja
702,Rettie,Marja,2025/03/29,2025/04/22,1,8,false,false,26,HSL,7,BVB,1978/09/22,Ja
703,Bellanger,Adan,2025/04/28,2025/06/28,2,6,true,false,16,DOP,21,BT,1974/01/24,Nein
704,Flynn,Pavla,2025/02/17,2025/05/31,1,4,true,false,20,SQI,1,KIM,2001/03/23,Ja
705,Laurentino,Benjie,2025/01/19,2025/08/27,1,8,false,true,8,AUI,6,BVB,1989/12/02,Nein
706,Nowell,Moria,2025/02/27,2025/05/02,5,2,true,true,18,FGI,24,BT,1980/11/09,Karte
707,Ashton,Amandie,2025/03/20,2025/09/14,4,4,true,true,10,BOS,5,KIM,2017/04/11,Ja
708,Walcar,Madeleine,2025/06/17,2025/07/18,6,5,true,false,1,LDS,9,FSM,2014/07/16,Karte
709,Dormer,Pippy,2025/02/02,2025/02/18,2,5,true,false,10,GCY,25,FSM,2003/07/09,Karte
710,Stronack,Max,2025/04/07,2025/04/05,1,3,false,true,13,VJI,21,KIM,1994/06/08,Nein
711,Napthine,Charity,2025/01/22,2025/08/31,4,2,true,true,12,MMS,12,BT,1979/02/12,Nein
712,Wiggins,Eada,2025/08/28,2025/07/28,5,4,false,false,23,DTU,5,FSM,1983/09/30,Nein
713,Kinvan,Daffie,2025/08/15,2025/05/09,2,8,false,false,23,UIQ,16,BVB,1997/05/26,Ja
714,Eagleston,Lisha,2025/02/02,2025/03/10,6,7,true,false,7,MYZ,16,BT,1976/04/18,Karte
715,Ebanks,Emmott,2025/02/16,2025/04/07,2,2,true,true,8,BPS,1,KIM,1972/07/08,Ja
716,Graver,Alley,2025/07/10,2025/01/23,3,2,false,true,1,EPG,26,KIM,1972/01/13,Ja
717,Donativo,Maddie,2025/08/29,2025/02/02,4,4,true,false,20,MQA,6,FSM,2004/02/22,Nein
718,Grigg,Luca,2024/12/19,2025/07/21,5,4,true,true,16,AFR,13,KIM,1987/08/11,Ja
719,Schole,Damon,2025/08/07,2024/11/21,1,1,false,true,29,ORV,3,FSM,1992/03/09,Nein
720,Siddle,Fraze,2025/11/18,2025/02/22,2,1,true,false,14,AYL,27,FSM,1985/07/08,Karte
721,Bontine,Oralla,2025/07/06,2025/04/28,4,3,false,false,26,YVP,14,BT,1991/12/01,Karte
722,Jennemann,Janith,2025/01/21,2025/08/11,5,4,false,false,1,MHI,23,BVB,1992/04/21,Nein
723,Adelman,Kerstin,2025/07/16,2025/04/15,1,2,true,true,6,QGQ,16,BVB,1994/03/23,Karte
724,Bockett,Oates,2025/04/02,2025/03/13,3,5,false,false,8,KRC,30,KIM,1992/11/12,Karte
725,Ebbin,Coleman,2025/01/07,2024/12/23,4,3,false,true,18,BHA,3,KIM,2004/07/21,Nein
726,Hindenberger,Edwin,2025/07/28,2024/12/03,2,5,true,true,28,RIM,17,BT,2009/01/04,Ja
727,de Clerk,Anatole,2025/05/03,2025/05/28,1,3,true,true,9,CNM,26,BVB,1998/10/27,Nein
728,Althorp,Marji,2025/06/23,2025/09/20,2,6,true,true,15,ADM,24,BVB,2005/08/31,Ja
729,Landrieu,Chere,2024/12/28,2025/04/18,5,6,true,false,12,SRE,14,KIM,1976/02/16,Nein
730,Korba,Gloria,2025/01/18,2025/10/28,6,4,true,true,8,PXO,2,FSM,1978/06/01,Nein
731,Sloyan,Neill,2025/01/16,2025/06/01,6,6,true,true,12,SZM,19,FSM,1982/10/05,Karte
732,Jahns,Ursulina,2025/10/07,2025/05/13,3,8,true,true,24,JKG,4,FSM,1989/06/02,Nein
733,Tayspell,Roshelle,2025/04/10,2024/12/30,4,5,false,false,22,FNC,23,BVB,1996/01/01,Nein
734,Keyme,Bjorn,2024/12/25,2025/01/11,3,2,false,false,24,BFQ,18,FSM,1986/05/01,Karte
735,MacGuigan,Vania,2025/08/25,2025/10/06,3,3,false,false,1,CSY,8,KIM,2015/05/20,Ja
736,McDougald,Salvador,2025/09/03,2025/09/22,1,1,false,true,24,VAK,17,FSM,1996/12/20,Nein
737,Wheelband,Eliot,2024/12/09,2024/11/28,6,1,false,false,9,ANI,10,KIM,1997/02/14,Ja
738,Northover,Tabbi,2024/12/27,2024/11/20,2,5,true,true,24,LPJ,10,BT,1993/10/07,Karte
739,Kestell,Dallis,2024/11/23,2025/01/31,6,8,false,false,28,WBC,19,FSM,1992/03/10,Ja
740,Tonkinson,Freeland,2025/07/26,2025/01/19,3,4,false,false,30,SZX,14,BT,2011/08/15,Karte
741,Trotman,Agneta,2025/03/09,2025/05/05,5,8,true,true,30,ZEN,24,FSM,2008/02/27,Nein
742,Aspinall,Myrwyn,2025/02/23,2025/04/12,1,2,true,false,23,HAK,7,BT,2002/07/29,Ja
743,Teather,Myles,2025/05/18,2024/12/29,6,8,true,true,14,BLV,21,BT,1973/11/21,Karte
744,Brumhead,Bard,2025/05/05,2025/01/09,2,6,true,true,10,WUI,23,BVB,2008/01/29,Ja
745,Thoresby,Bryn,2025/01/13,2025/08/07,5,5,false,true,24,CPP,6,FSM,2011/11/09,Ja
746,Walkley,Alix,2025/03/29,2025/02/28,4,2,false,true,7,ZEN,15,FSM,1980/06/17,Ja
747,Southway,Austin,2025/08/03,2025/10/30,1,9,false,false,18,QSA,20,BT,1972/12/28,Karte
748,Keitley,Alyssa,2025/03/15,2025/01/24,6,5,true,false,9,DJH,30,FSM,2013/01/09,Nein
749,Russ,Delly,2025/05/21,2025/08/02,6,6,false,false,3,MXA,28,KIM,1985/05/22,Nein
750,Boddymead,Elora,2025/07/11,2025/07/05,1,2,false,true,9,EMG,5,BVB,1972/05/04,Ja
751,Willstrop,Corinne,2025/01/20,2025/07/21,1,9,true,true,8,FHZ,18,KIM,1974/08/22,Nein
752,Gregorio,Alanson,2025/05/23,2025/08/19,2,4,false,true,25,BPG,11,KIM,1974/09/21,Nein
753,Shovelin,Carling,2024/12/10,2025/10/28,3,6,true,false,4,EYP,3,BT,1978/09/09,Karte
754,Reck,Neilla,2025/07/24,2024/11/30,2,5,true,false,22,INS,8,KIM,2007/01/12,Nein
755,Enterle,Josh,2025/09/06,2025/09/05,4,4,true,true,13,AOG,3,BVB,2011/05/16,Ja
756,Zanussii,Guillema,2025/06/21,2025/02/28,4,8,true,true,20,KLR,15,FSM,1993/09/27,Nein
757,Vinas,Julee,2025/09/16,2025/02/25,4,8,true,true,27,EUC,26,BT,1971/11/18,Nein
758,Sommerlie,Sybil,2025/04/11,2025/08/31,1,7,false,false,18,BNP,27,BVB,1971/07/28,Karte
759,Radford,Bartolomeo,2025/03/25,2025/02/01,6,1,false,true,2,BGU,6,BVB,2004/03/03,Ja
760,Kop,Loydie,2025/05/22,2024/11/26,2,8,true,false,5,KGF,19,FSM,2014/07/23,Karte
761,Ismead,Leia,2025/11/03,2025/03/21,3,7,false,true,30,YBW,5,BT,1976/09/24,Ja
762,Perico,Myrah,2025/02/26,2025/06/24,3,6,true,false,23,KWX,10,BT,1977/11/09,Karte
763,Pughsley,Claybourne,2025/10/28,2025/06/25,5,8,true,true,5,MSE,26,BT,1989/02/23,Ja
764,Fitzsymon,Lori,2025/02/14,2025/02/12,5,3,true,false,13,CTE,17,BT,1971/07/02,Ja
765,Loftus,Arlen,2025/02/27,2025/06/10,5,2,false,false,20,NYI,11,BT,2014/12/21,Nein
766,Hedworth,Nevil,2025/03/10,2024/12/17,6,6,false,false,6,SPD,8,KIM,2004/11/06,Ja
767,Pym,Kaye,2025/11/11,2025/05/27,2,8,true,false,12,NAW,23,BVB,1999/10/04,Ja
768,Caseri,Casar,2025/06/08,2025/07/08,5,1,true,true,24,BYJ,11,FSM,1988/07/29,Ja
769,Whittet,Doro,2025/09/11,2025/09/01,5,9,false,true,21,TUG,4,FSM,1977/03/14,Karte
770,Pargeter,Donal,2025/02/26,2025/06/29,2,4,true,true,28,ABQ,12,BVB,1974/10/04,Ja
771,Yate,Christoforo,2025/02/04,2025/02/22,3,1,true,true,13,MEZ,21,BVB,1982/07/23,Ja
772,Orpyne,Charo,2025/04/08,2025/08/11,5,8,true,true,5,QSN,19,BVB,2008/12/16,Karte
773,Freda,Tedmund,2025/07/08,2025/05/30,2,1,false,false,5,ECN,7,BT,2006/12/18,Karte
774,Ipsley,Wilton,2025/08/16,2025/02/21,6,3,false,true,26,BKF,28,BVB,2013/02/27,Karte
775,Algie,Gery,2025/09/26,2025/11/09,5,7,true,false,26,WVN,4,BVB,1999/06/27,Karte
776,Laister,Dallas,2025/07/20,2025/01/07,3,2,false,true,6,GYP,8,KIM,1989/10/11,Ja
777,Scholte,Gibb,2025/06/30,2024/11/27,1,6,true,true,19,FAT,23,BT,1984/03/17,Karte
778,Horrod,Sherilyn,2025/02/11,2025/04/30,6,8,false,true,18,WJU,17,BVB,1979/04/04,Nein
779,Whittet,Abra,2025/05/31,2025/07/15,5,8,true,false,25,CAK,24,BT,2000/06/08,Ja
780,Martensen,Morganne,2025/10/18,2025/07/26,4,5,true,true,17,STJ,2,BVB,1982/09/09,Ja
781,Scedall,Ketty,2024/12/29,2024/12/27,4,7,true,false,30,IXL,10,KIM,2002/12/07,Karte
782,Crighton,Ellary,2025/08/03,2025/02/16,5,4,false,false,19,CRO,10,KIM,1976/12/05,Karte
783,Kwiek,Winston,2025/03/20,2024/12/09,3,6,false,true,17,MDR,26,BT,2014/03/11,Nein
784,Gerhold,Haleigh,2025/04/11,2025/06/12,6,1,false,true,9,AGN,21,BT,1999/08/27,Karte
785,Farady,Meredith,2025/08/27,2025/05/14,6,4,true,true,21,YVV,21,BVB,2011/02/05,Ja
786,Luttger,Hill,2025/10/15,2025/04/29,3,6,false,false,15,STM,12,KIM,1996/02/28,Nein
787,Stratton,Felipa,2024/12/13,2025/05/07,3,2,false,true,4,KPE,13,BVB,2012/09/21,Nein
788,Attrey,Sharline,2025/05/06,2025/08/05,4,3,false,true,15,RED,7,BT,1980/11/03,Ja
789,Land,Rosella,2025/09/29,2025/09/27,4,5,false,true,11,SHX,3,FSM,2008/04/20,Karte
790,Waiting,Penni,2025/08/27,2025/10/04,5,5,false,false,16,ESK,10,BT,2007/11/13,Nein
791,Yanyushkin,Valentia,2025/02/01,2025/08/02,5,8,false,true,1,PAY,2,BVB,2013/12/05,Nein
792,Sheerman,Olly,2025/07/05,2025/01/04,3,2,true,false,27,YJN,17,BT,2010/05/06,Nein
793,Vany,Obie,2025/08/10,2025/10/31,5,8,false,false,14,TDN,14,BVB,2015/03/26,Nein
794,Zaniolo,Jaime,2025/03/15,2025/04/18,5,8,true,false,15,FEG,26,FSM,2008/01/15,Nein
795,Keasey,Georgina,2025/03/26,2025/01/18,2,4,true,true,23,CFQ,6,KIM,2016/07/11,Karte
796,Jellard,Freddi,2024/12/03,2025/01/28,3,9,false,false,2,DOS,16,BVB,1992/08/26,Karte
797,Woodstock,Gianina,2025/11/19,2025/07/21,4,4,false,false,26,TOW,27,FSM,2000/03/15,Karte
798,Deakes,Vernon,2025/05/14,2024/12/12,2,6,true,false,12,CEE,30,KIM,2012/04/29,Nein
799,Hawse,Justina,2025/03/06,2025/07/07,3,2,true,true,29,MAN,10,FSM,1979/11/05,Ja
800,Myderscough,Avis,2025/10/12,2025/02/08,2,6,false,false,15,SOY,1,FSM,1996/08/18,Nein
801,Vasyukov,Mignonne,2025/09/02,2025/09/14,4,1,true,false,16,LBI,15,FSM,1998/03/30,Karte
802,Busfield,Osmond,2025/05/21,2025/07/17,1,6,false,false,15,CMJ,26,BT,2010/02/26,Ja
803,Lightman,Domingo,2025/10/19,2025/07/17,3,7,true,true,15,FEA,20,KIM,1973/09/21,Ja
804,Muslim,Pietrek,2025/04/01,2025/07/03,2,3,false,true,15,BBL,8,KIM,1979/11/11,Ja
805,Rizzo,Duky,2025/01/14,2025/04/29,5,7,true,true,17,VAD,13,KIM,1982/05/30,Ja
806,Brumbye,Schuyler,2025/05/01,2025/04/06,5,8,false,false,10,UIO,24,BVB,1975/07/20,Nein
807,Corbally,Kerry,2025/03/23,2025/02/19,6,1,false,false,26,HLE,16,KIM,1977/09/16,Nein
808,Garbert,Buiron,2025/03/19,2024/12/01,4,2,true,false,8,YDT,2,BT,1971/11/16,Nein
809,Ranyell,Conway,2025/05/29,2025/07/11,1,9,false,false,25,SRM,11,BT,1992/03/16,Nein
810,Gieves,Lotte,2025/06/27,2025/10/11,4,3,false,true,16,GRB,27,BT,1993/06/23,Ja
811,Rabb,Josy,2025/03/15,2025/07/10,2,5,false,true,17,AMA,29,FSM,1975/05/31,Nein
812,Muckley,Celestyn,2025/10/05,2025/10/15,6,5,true,true,23,LUU,23,KIM,1972/09/22,Nein
813,Crielly,Sigismond,2025/04/20,2025/01/17,4,1,true,false,18,TEZ,7,KIM,2010/10/04,Ja
814,Timeby,Yancy,2025/11/11,2025/07/12,3,4,false,false,26,KCF,8,KIM,2015/03/01,Karte
815,Lafflina,Blakeley,2025/01/11,2025/01/30,2,5,true,true,7,IGD,26,KIM,1977/04/08,Ja
816,Donne,Eveline,2025/03/03,2025/07/05,1,7,true,true,5,AKF,13,FSM,2005/05/08,Karte
817,Filoniere,Jilli,2025/08/02,2025/07/21,6,8,false,false,20,MWF,15,BVB,1970/12/23,Karte
818,Matuskiewicz,Lenee,2025/06/29,2025/04/27,3,3,false,false,19,XRH,25,BT,1991/12/13,Karte
819,Matthis,Mabelle,2025/05/15,2025/08/27,6,8,false,true,25,RMF,13,BT,1978/09/07,Karte
820,McWaters,Gennie,2025/10/04,2025/04/06,1,2,true,true,25,FAA,1,KIM,1989/03/23,Nein
821,Laflin,Lorianne,2025/04/08,2025/10/12,5,1,true,false,23,YPA,23,BVB,2015/10/28,Nein
822,Rabbage,Kane,2025/09/26,2025/06/14,5,6,true,false,24,YKQ,16,BVB,1978/12/12,Karte
823,Aynold,Kizzee,2025/06/12,2024/12/09,4,7,true,false,14,CAG,24,KIM,1993/01/18,Nein
824,Boxe,Ardyth,2025/08/11,2025/03/06,6,4,false,true,4,DCG,25,BVB,1970/11/04,Nein
825,Castille,Gabbie,2025/05/20,2025/07/07,4,1,false,true,17,WUI,17,KIM,1998/07/16,Karte
826,Bomb,Kahlil,2025/09/30,2024/11/22,4,6,false,false,14,CCY,16,BT,1987/05/13,Nein
827,Scrimshaw,Eddi,2025/05/15,2024/12/20,5,8,true,false,9,SUY,17,FSM,1999/04/11,Ja
828,Mallabund,Jerrylee,2025/11/14,2025/05/28,1,7,false,true,24,RPA,3,FSM,1988/06/17,Karte
829,Puddle,Elmo,2025/04/16,2025/01/11,5,5,false,false,20,EOI,26,BVB,1982/01/29,Nein
830,Risby,Celia,2024/12/18,2025/01/29,5,1,false,false,10,MSU,2,FSM,1994/06/02,Ja
831,Mulholland,Giuditta,2025/03/03,2025/09/27,4,2,true,true,2,MBW,22,BVB,1981/03/23,Nein
832,Chevins,Gerhardt,2025/10/07,2025/09/13,3,2,true,true,17,KZI,15,KIM,1991/11/10,Nein
833,Abramsky,Nikita,2025/03/10,2025/04/21,2,8,false,true,14,CIE,8,BT,2008/08/23,Karte
834,Regorz,Siana,2025/10/06,2025/06/01,1,3,true,false,11,MJL,17,BT,1994/08/31,Ja
835,Mellon,Vivianne,2025/02/10,2025/10/06,6,5,false,false,9,SMI,23,BT,1997/06/26,Nein
836,Acome,Frazer,2025/03/17,2025/02/04,3,7,false,false,7,FNA,7,BT,1983/09/06,Karte
837,Adelsberg,Krissy,2025/08/11,2025/10/05,5,1,false,true,14,IXS,27,KIM,1982/01/29,Nein
838,Piesold,Floria,2025/09/15,2025/05/30,2,2,false,false,10,ABX,12,KIM,2004/10/25,Ja
839,Gillet,Brantley,2024/11/22,2025/04/21,6,7,false,false,14,PMV,4,KIM,1981/07/12,Karte
840,Frankowski,Hendrika,2025/03/31,2025/10/27,2,7,true,false,9,GFN,7,KIM,1996/04/18,Karte
841,Konig,Paige,2025/02/02,2025/03/11,1,5,true,false,28,UNK,25,KIM,1973/04/25,Karte
842,Willmot,Blondie,2025/09/02,2025/04/01,4,1,true,true,28,RMT,13,BT,2003/03/30,Nein
843,Janas,Ralf,2025/07/30,2025/10/17,4,4,false,false,14,MUT,6,BVB,1974/06/17,Karte
844,Koche,Windham,2025/01/02,2025/09/20,2,4,false,true,26,BRY,1,KIM,2007/04/21,Karte
845,Maffey,Cam,2025/06/01,2025/06/19,2,7,false,false,24,ACV,5,BVB,2010/12/14,Nein
846,Mozzetti,Filbert,2025/06/30,2025/05/24,6,7,false,true,14,NYT,26,KIM,1971/12/18,Karte
847,Lascelles,Gustav,2025/07/06,2024/12/11,2,8,true,false,21,KMH,13,KIM,1976/07/10,Ja
848,Trassler,Pietrek,2025/10/19,2025/02/14,6,9,false,false,8,HDM,3,BT,2002/07/12,Nein
849,Howard - Gater,Kara-lynn,2025/10/17,2025/06/14,2,5,false,true,17,ASP,25,BT,1982/05/16,Karte
850,MacTrustam,Hollis,2025/06/20,2025/03/24,1,2,true,false,20,BRW,2,FSM,1981/03/18,Ja
851,Cannop,Jaclin,2025/02/25,2025/03/08,4,2,false,false,1,DRK,5,KIM,1976/11/01,Ja
852,Rikel,Dodi,2025/06/03,2025/02/03,4,3,false,false,26,KLD,23,FSM,2001/09/06,Ja
853,Beardall,Gerri,2025/02/11,2024/11/25,2,6,false,false,2,GUV,6,FSM,1987/08/27,Nein
854,Andries,Toinette,2024/12/24,2025/09/22,5,5,true,true,11,ZXT,27,FSM,2005/09/03,Karte
855,Tante,Edmon,2025/10/19,2025/09/14,4,5,false,false,7,MWZ,2,FSM,1985/12/22,Karte
856,Tilliards,Roseline,2025/05/21,2025/06/13,6,9,true,false,3,KBP,16,BT,1970/09/29,Nein
857,Filgate,Myrtice,2025/08/13,2024/12/24,1,6,false,false,21,BCL,21,FSM,1976/05/10,Ja
858,Kinane,Elden,2025/06/08,2025/10/20,6,4,true,false,21,CMX,8,FSM,1989/01/06,Nein
859,Verden,Geordie,2024/12/03,2025/02/27,6,2,true,false,1,KKT,22,KIM,1976/07/22,Karte
860,Mumbey,Broderic,2025/05/29,2025/10/27,4,4,true,true,1,NAU,30,BT,2003/01/24,Karte
861,Rubury,Orel,2025/08/27,2025/01/08,3,7,false,false,16,TTE,2,FSM,1988/12/11,Karte
862,Allewell,Delmor,2025/10/15,2025/10/31,4,7,true,false,17,VBY,28,BVB,1997/08/21,Nein
863,Roscow,Jayne,2025/08/08,2025/03/15,3,5,true,true,11,NVA,14,KIM,2007/02/03,Nein
864,Screwton,Dedie,2024/12/21,2025/06/13,1,3,false,true,22,ZFM,11,FSM,1975/06/07,Karte
865,Silvers,Kiersten,2025/04/20,2025/08/26,3,7,true,true,23,LLU,8,KIM,2014/06/18,Ja
866,Liebrecht,Gertruda,2025/02/10,2025/08/30,4,8,false,false,4,TOA,22,FSM,2015/08/31,Nein
867,Bickle,Effie,2025/09/28,2024/12/21,5,4,true,true,12,RIB,6,KIM,1973/11/06,Ja
868,Cheasman,Clea,2024/12/25,2025/01/16,5,7,false,false,5,CDU,23,BT,2001/09/04,Karte
869,Andresen,Ruperta,2025/09/24,2025/01/26,2,6,false,true,26,0,28,BT,2010/08/03,Nein
870,Baldetti,Fredrick,2025/03/03,2025/06/11,4,5,true,false,16,CED,16,FSM,2015/06/14,Ja
871,Achromov,Lowrance,2024/12/20,2025/07/12,3,8,false,false,28,JAQ,24,BVB,1978/10/03,Ja
872,Binnall,Tarah,2025/05/29,2025/04/19,1,7,true,true,20,BGT,26,KIM,1970/12/21,Ja
873,Georgiades,Alford,2025/06/07,2025/06/30,6,3,false,false,25,VAO,25,BVB,1983/03/23,Ja
874,Wicklen,Barbaraanne,2024/12/23,2024/11/23,4,9,false,true,7,ZTR,10,BVB,1983/11/27,Ja
875,Larmor,Vaughn,2025/08/14,2025/08/05,3,9,true,true,7,CNI,7,KIM,2002/09/02,Karte
876,Unstead,Dorita,2025/03/20,2025/07/27,6,3,false,true,17,MDT,8,FSM,2004/09/24,Ja
877,Pasby,Lita,2025/09/24,2025/01/31,5,3,true,true,12,RCA,29,BT,2010/05/14,Karte
878,Leger,Janka,2025/04/29,2025/09/23,5,3,false,true,13,XVS,29,KIM,2007/07/02,Nein
879,Inskipp,Lotta,2025/08/19,2025/10/23,3,5,false,false,2,ANQ,11,FSM,1990/04/04,Nein
880,Weatherhill,Fransisco,2025/02/28,2025/11/04,4,7,false,false,23,BTN,3,KIM,1978/08/30,Ja
881,Sivier,Quillan,2025/03/25,2025/01/20,2,8,false,true,13,RAK,24,BVB,1974/06/14,Karte
882,Klimentov,Robena,2025/08/03,2025/09/04,4,1,true,true,7,BFM,14,BVB,2003/06/21,Nein
883,Sayton,Harlie,2025/10/07,2025/06/28,6,6,false,true,23,KUK,13,KIM,2011/06/07,Ja
884,Arstingall,Germana,2025/05/04,2025/03/29,5,9,false,false,26,BEU,17,FSM,1993/10/01,Nein
885,Voysey,Pernell,2025/09/10,2025/08/31,1,5,false,false,14,KOH,7,FSM,2006/03/19,Nein
886,Dubble,Amargo,2025/01/01,2025/11/18,1,4,true,true,19,LYC,26,BVB,2015/06/25,Nein
887,Hellyer,Alene,2025/04/19,2025/07/09,2,9,false,false,8,MWX,10,KIM,2009/05/04,Karte
888,Godson,Ivett,2025/01/10,2025/03/12,2,1,false,true,14,MKA,22,KIM,1974/02/18,Karte
889,Higbin,Jenda,2024/11/27,2025/01/16,5,1,false,true,19,XZA,30,KIM,2008/02/26,Ja
890,Eggers,Mikey,2025/06/11,2025/04/23,2,1,false,false,30,NJC,17,BT,1995/08/10,Nein
891,Matoshin,Ari,2025/09/07,2025/06/24,2,8,false,true,4,IBE,24,KIM,2005/06/01,Nein
892,Papaccio,Winn,2025/08/30,2025/01/02,2,8,false,false,19,AAK,11,KIM,2001/01/02,Karte
893,Tucknutt,Dana,2025/04/04,2025/10/31,6,2,false,false,10,HLA,26,BT,2006/12/25,Nein
894,Matzke,Wilona,2025/02/18,2025/01/30,6,2,true,false,20,JBB,3,BT,1977/12/14,Karte
895,MacWhan,Saxe,2025/11/01,2025/09/02,6,2,true,false,3,AFS,26,FSM,1971/08/08,Ja
896,Killingsworth,Meriel,2024/12/13,2025/08/27,2,8,false,true,30,YQK,26,KIM,2001/03/17,Nein
897,Grewe,Logan,2025/07/14,2025/10/08,5,7,true,true,25,THX,3,KIM,2016/10/12,Ja
898,Iorizzo,Nannie,2025/01/03,2024/11/24,4,9,false,true,21,FUB,25,KIM,2010/10/30,Karte
899,Genge,Christoforo,2025/02/16,2025/08/03,4,8,false,false,19,BJK,20,KIM,1992/02/07,Nein
900,Farlowe,Gayle,2025/11/05,2025/05/08,5,4,false,true,8,LUW,7,FSM,1986/05/14,Nein
901,Covendon,Donn,2025/01/29,2025/03/16,3,6,false,true,29,AHT,17,KIM,1983/11/09,Nein
902,Gerrels,Emalia,2024/12/17,2025/05/19,5,9,false,true,16,HVG,9,KIM,1991/07/01,Nein
903,Ashwell,Merv,2025/09/15,2025/08/17,5,5,true,false,8,BSS,12,FSM,1973/11/21,Karte
904,Neumann,Minda,2025/07/20,2025/08/29,1,6,false,true,27,BLT,20,KIM,1986/08/27,Karte
905,Tilling,Judith,2025/06/22,2025/06/03,1,3,true,false,12,DJU,21,BT,1970/05/30,Karte
906,Maple,Kinnie,2025/03/04,2025/09/08,6,4,true,true,20,URR,8,KIM,2017/03/26,Karte
907,Toll,Anallese,2025/09/05,2025/07/27,4,4,false,true,2,YKG,14,FSM,2005/09/26,Ja
908,Mattecot,Gwennie,2025/09/29,2025/09/16,6,7,true,true,28,SJC,5,BVB,2005/10/20,Nein
909,Reen,Rochester,2025/01/25,2025/07/02,1,2,false,true,10,EGN,4,BVB,1974/03/05,Karte
910,Doumerque,Winnie,2025/05/16,2025/06/19,2,7,false,false,4,PSY,3,KIM,1971/03/29,Nein
911,Sperry,Hazel,2025/05/29,2025/06/23,5,2,false,true,1,YCW,25,KIM,2014/05/01,Nein
912,Lewins,Tessa,2025/05/28,2025/05/01,6,9,false,false,6,SWP,16,BT,1985/02/28,Nein
913,Ribbens,Kermit,2025/06/29,2025/11/16,6,7,true,false,3,VAF,30,BT,2006/01/29,Nein
914,Joannic,Frannie,2025/06/07,2024/12/19,2,4,true,true,1,APV,18,BT,1988/03/09,Nein
915,Whitworth,Lindi,2025/09/02,2025/10/28,5,1,false,true,17,SHT,14,FSM,1977/08/10,Karte
916,Aldwick,Tybalt,2025/04/08,2025/04/24,3,7,true,false,9,EDM,13,KIM,1991/02/02,Karte
917,Cuchey,Hamlin,2025/10/22,2025/08/26,3,1,false,true,19,YST,3,FSM,2005/10/22,Ja
918,Kupisz,Dallas,2025/10/13,2024/12/16,3,9,true,true,16,ADY,16,BVB,1982/06/18,Karte
919,Purchall,Mathe,2025/06/13,2025/04/01,6,3,false,true,8,GUZ,16,KIM,1998/04/17,Nein
920,Soot,Gilberta,2025/04/29,2025/02/14,1,8,false,true,14,MQA,11,FSM,1984/07/18,Ja
921,Faldo,Clementius,2024/12/16,2025/04/27,4,5,true,false,16,SLF,9,BVB,2004/01/10,Nein
922,Whitsun,Fleming,2025/02/02,2024/12/14,2,2,true,true,21,GLE,11,KIM,2013/11/28,Nein
923,Stonham,Fonz,2025/01/06,2025/11/07,4,1,false,false,22,HDB,8,FSM,1995/03/09,Nein
924,Gleder,Randi,2025/06/02,2025/02/01,2,4,false,true,5,BJA,2,KIM,1986/11/29,Karte
925,Fish,Marja,2025/02/22,2025/07/30,2,6,true,false,1,MER,17,KIM,1971/07/19,Karte
926,Burnhams,Wandis,2025/02/27,2024/11/22,3,7,false,true,2,AVN,5,FSM,1989/03/31,Nein
927,Jorat,Swen,2025/10/16,2025/02/12,1,7,false,false,13,YVE,20,BVB,2012/11/07,Nein
928,Van Salzberger,Babbette,2025/07/28,2025/02/06,2,4,true,true,17,UBS,6,FSM,1970/03/28,Nein
929,Poxson,Corie,2025/06/04,2025/09/02,3,2,true,true,21,UWA,22,BT,2008/11/24,Karte
930,Panchen,Evan,2025/08/04,2025/02/16,3,8,false,false,18,TIG,13,BVB,2013/12/23,Ja
931,Abrams,Sharla,2025/09/16,2025/11/02,5,1,true,false,12,LIG,30,KIM,2001/08/01,Nein
932,Seyffert,Maxi,2025/05/14,2025/11/11,3,9,true,false,9,OLS,25,BT,1995/04/01,Karte
933,Hibbart,Sybil,2025/06/27,2025/07/15,5,3,true,true,13,PRI,23,BT,2007/12/29,Karte
934,Askew,Ajay,2025/07/08,2025/07/26,1,8,true,true,11,ALN,17,BT,2004/02/02,Karte
935,Prendiville,Brigit,2025/02/28,2025/06/26,6,1,false,false,12,YOD,10,BT,1988/10/02,Ja
936,McTerrelly,Nickola,2025/06/09,2025/03/14,2,5,false,true,21,MYR,18,KIM,1982/09/03,Nein
937,Walthall,Luciana,2024/12/30,2025/06/11,4,1,true,false,30,CEH,5,BVB,2013/07/24,Karte
938,Jimeno,Mata,2025/06/12,2025/10/12,1,5,true,false,11,MXF,17,KIM,1972/06/26,Karte
939,Farenden,Ellwood,2025/07/29,2025/07/22,2,2,false,true,12,VMI,25,BT,2001/03/31,Nein
940,Bending,Howey,2025/10/25,2025/08/28,6,2,false,true,18,MGU,22,BT,1995/12/16,Karte
941,Eplate,Bobinette,2025/05/12,2025/11/03,5,7,true,true,11,TLY,20,KIM,2005/07/03,Karte
942,Goudge,Lila,2025/02/20,2025/02/13,2,2,true,true,8,SZL,1,KIM,1993/08/18,Karte
943,Sarle,Aeriel,2025/09/01,2025/10/31,6,4,true,false,8,KCN,10,KIM,2011/05/09,Ja
944,Coger,Gustie,2025/10/25,2025/07/20,5,1,false,true,8,SXI,3,BVB,1990/02/10,Nein
945,Behrendsen,Nehemiah,2025/10/05,2025/09/11,3,7,true,true,29,KOH,20,KIM,2000/07/20,Karte
946,Bolland,Timothee,2025/06/21,2025/03/02,4,4,false,false,20,0,24,BT,1986/11/22,Nein
947,Gazzard,Margaretha,2025/01/14,2025/07/14,3,4,true,false,20,BIZ,17,BT,1998/10/12,Karte
948,Damrel,Vassily,2025/06/05,2025/04/08,4,2,true,true,23,PLE,10,KIM,1975/03/19,Nein
949,Klaffs,Emile,2025/04/27,2025/06/24,1,3,false,false,3,MPI,11,FSM,1979/08/28,Ja
950,Poxon,Frankie,2024/11/22,2025/03/02,5,1,false,true,9,WAT,22,KIM,1984/05/12,Karte
951,Danzey,Glynn,2025/11/07,2025/11/07,3,2,true,false,16,BET,21,BT,1987/09/05,Karte
952,Martin,Pru,2025/02/03,2025/08/01,6,2,false,false,20,OHE,9,BT,2014/06/27,Nein
953,Garside,Justinian,2025/11/10,2025/04/17,6,3,false,true,28,CJM,28,KIM,1988/08/07,Ja
954,Alekseicik,Ruthy,2024/12/01,2025/09/21,1,2,true,true,27,SGR,22,FSM,2014/05/16,Nein
955,Nowlan,Jobie,2025/05/25,2025/11/15,2,5,true,false,26,ADY,27,FSM,2002/09/14,Nein
956,Dedmam,Lonna,2025/09/16,2025/01/20,5,7,true,false,11,OSZ,18,BVB,1980/03/10,Ja
957,Saban,Karena,2025/04/08,2025/11/04,2,3,true,false,1,HMV,16,BT,2017/02/15,Karte
958,Lux,Gare,2025/02/25,2025/09/26,1,1,false,false,8,QGC,16,KIM,2006/01/08,Ja
959,Bakes,Giff,2025/01/03,2025/08/25,4,1,true,false,15,LAW,1,KIM,2005/02/19,Nein
960,Burns,Rikki,2024/11/21,2025/08/03,2,1,false,false,13,IRI,16,BVB,1974/12/25,Ja
961,Amberg,Rozalin,2025/01/02,2025/08/26,2,8,true,false,21,SWV,22,BVB,1990/06/04,Karte
962,Sisse,Valerie,2025/11/04,2025/07/30,1,7,false,true,2,BTC,28,BT,1985/11/04,Nein
963,Cusack,Audie,2025/08/22,2025/08/26,4,8,false,true,21,EWN,30,FSM,2006/05/12,Ja
964,Schimke,Augusto,2025/07/18,2025/06/04,2,5,true,true,4,MJB,13,BT,2009/06/17,Nein
965,Glasspoole,Meredith,2025/03/03,2025/10/08,6,3,false,true,30,RBT,1,BVB,2003/01/17,Karte
966,Cheesman,Latia,2025/05/18,2025/08/23,1,5,false,true,20,NWT,6,BVB,2010/09/28,Karte
967,Dominetti,Horatia,2025/06/02,2025/05/27,4,9,true,false,24,GNV,4,FSM,1994/08/05,Nein
968,Armfield,Scarlett,2025/11/07,2025/08/25,4,5,false,true,18,YHM,9,FSM,1977/02/17,Karte
969,Mumbey,Sela,2024/12/08,2025/02/09,2,4,false,false,4,PDX,27,FSM,1970/09/23,Nein
970,Deacock,Shepard,2025/04/21,2025/05/16,6,1,false,true,18,ATV,15,BVB,1972/06/17,Nein
971,Penlington,Garrett,2025/08/01,2024/12/09,4,1,false,false,5,JBB,25,FSM,1999/04/25,Karte
972,Mollindinia,Ransom,2025/08/01,2025/02/21,4,7,true,false,4,HSN,25,BVB,1973/07/27,Karte
973,Impey,Judah,2025/10/18,2025/07/27,3,8,true,true,28,LBN,23,FSM,1978/01/08,Ja
974,Mougeot,Trev,2025/05/25,2024/11/28,3,9,false,true,14,PUF,11,KIM,1975/04/01,Karte
975,Burling,Derril,2025/08/17,2025/06/11,6,2,false,true,22,YSV,21,FSM,1996/08/11,Karte
976,Elvidge,Horacio,2025/03/20,2025/09/12,1,4,false,true,12,JGD,20,BVB,1988/07/31,Nein
977,Spragge,Roosevelt,2025/07/28,2025/07/25,3,5,false,true,16,KLF,11,BT,2002/02/26,Ja
978,Rousby,Daphne,2025/02/03,2025/10/25,6,8,false,false,10,CRB,4,BT,1979/10/23,Ja
979,Amott,Shel,2025/01/17,2025/08/24,2,7,true,false,23,HUN,16,KIM,1987/05/30,Karte
980,Crocetto,Shaw,2025/03/18,2025/06/09,3,2,true,true,26,YDV,9,BT,1993/08/02,Nein
981,Reichert,Cloris,2025/02/13,2025/02/16,2,9,true,false,7,VAL,21,KIM,2001/09/30,Ja
982,Trippitt,Filippa,2025/02/26,2025/05/16,6,6,true,false,4,ZPO,15,KIM,1973/02/13,Karte
983,Pownall,Sherill,2025/11/14,2025/04/17,3,7,false,false,9,ITM,13,FSM,2009/01/25,Nein
984,Yashaev,Kacy,2024/12/29,2025/05/18,2,3,true,true,9,FLD,30,FSM,1971/05/13,Nein
985,Brolechan,Dari,2025/07/09,2025/11/02,4,2,true,false,17,UTN,13,BVB,1995/09/20,Ja
986,Gallear,Grenville,2025/09/15,2025/05/24,2,9,false,false,3,0,27,KIM,1992/06/27,Nein
987,Maryott,Tallie,2025/08/18,2025/01/04,6,2,false,true,26,CGR,20,FSM,1988/01/06,Karte
988,Oosthout de Vree,Maison,2025/03/02,2025/05/06,4,6,true,true,26,ROW,13,BVB,1999/12/18,Ja
989,Winchcombe,Gracie,2025/08/07,2025/05/05,1,3,true,false,5,KGR,15,BT,2013/07/22,Karte
990,Roskrug,Roana,2025/04/15,2025/09/26,6,4,true,false,5,UMI,2,BT,1972/01/23,Ja
991,Ficken,Justinian,2025/10/15,2025/08/03,4,3,false,true,16,ARL,20,BVB,1970/06/03,Ja
992,Mahaddie,Shawnee,2024/12/26,2025/02/19,3,9,false,false,15,VEY,20,FSM,2008/10/02,Nein
993,Queyeiro,Brynn,2025/04/28,2025/06/22,2,8,false,true,18,SWR,4,FSM,2013/03/15,Ja
994,Shackell,Reider,2024/11/20,2024/12/05,4,7,false,true,15,MKY,18,BVB,1989/04/04,Karte
995,Ozanne,Abel,2025/06/21,2025/08/08,5,3,false,true,23,YYT,8,BVB,1984/07/15,Ja
996,Ramsell,Olag,2025/02/01,2025/07/09,3,2,true,false,27,GEG,18,FSM,1972/02/12,Ja
997,Hadwin,Adelaide,2025/10/21,2025/11/10,6,6,true,true,4,DLV,28,BVB,2016/01/25,Nein
998,Sheards,Abigael,2025/05/30,2025/01/07,6,2,true,true,27,LDS,30,BVB,1992/06/28,Nein
999,Silbersak,Bess,2025/06/16,2025/06/24,2,9,false,false,19,FRC,21,KIM,2014/08/16,Nein
1000,Perelli,Jerrilyn,2025/02/15,2025/04/13,2,4,false,true,21,KUO,26,BVB,1986/11/29,Ja
